id,group,level,a,b,rep,ticks,a_value,b_value,a_left,b_left,a_alive,b_alive
mbt.L0.mtnk-r2qilin.r0,mbt,0,mtnk,r2qilin,0,600,8400,8250,2267,0,8,0
mbt.L0.mtnk-r2bozkir.r0,mbt,0,mtnk,r2bozkir,0,700,7700,7600,1529,0,3,0
mbt.L0.mtnk-r2m1a2s.r0,mbt,0,mtnk,r2m1a2s,0,575,6300,6250,2734,0,5,0
mbt.L0.mtnk-r2karrar.r0,mbt,0,mtnk,r2karrar,0,875,6300,6300,140,0,2,0
mbt.L0.htnk-r2qilin.r0,mbt,0,htnk,r2qilin,0,625,4500,4500,1188,0,2,0
mbt.L0.htnk-r2bozkir.r0,mbt,0,htnk,r2bozkir,0,600,9000,8550,3240,0,5,0
mbt.L0.htnk-r2m1a2s.r0,mbt,0,htnk,r2m1a2s,0,650,6300,6250,2227,0,3,0
mbt.L0.htnk-r2karrar.r0,mbt,0,htnk,r2karrar,0,650,4500,4500,787,0,2,0
mbt.L0.mtnk-r2qilin.r1,mbt,0,mtnk,r2qilin,1,650,8400,8250,2182,0,7,0
mbt.L0.mtnk-r2bozkir.r1,mbt,0,mtnk,r2bozkir,1,700,7700,7600,0,989,0,3
mbt.L0.mtnk-r2m1a2s.r1,mbt,0,mtnk,r2m1a2s,1,575,6300,6250,2715,0,5,0
mbt.L0.mtnk-r2karrar.r1,mbt,0,mtnk,r2karrar,1,925,6300,6300,70,0,1,0
mbt.L0.htnk-r2qilin.r1,mbt,0,htnk,r2qilin,1,675,4500,4500,1341,0,2,0
mbt.L0.htnk-r2bozkir.r1,mbt,0,htnk,r2bozkir,1,575,9000,8550,3060,0,4,0
mbt.L0.htnk-r2m1a2s.r1,mbt,0,htnk,r2m1a2s,1,600,6300,6250,2681,0,4,0
mbt.L0.htnk-r2karrar.r1,mbt,0,htnk,r2karrar,1,675,4500,4500,900,0,1,0
mbt.L0.mtnk-r2qilin.r2,mbt,0,mtnk,r2qilin,2,900,8400,8250,541,0,1,0
mbt.L0.mtnk-r2bozkir.r2,mbt,0,mtnk,r2bozkir,2,700,7700,7600,0,989,0,3
mbt.L0.mtnk-r2m1a2s.r2,mbt,0,mtnk,r2m1a2s,2,575,6300,6250,3465,0,6,0
mbt.L0.mtnk-r2karrar.r2,mbt,0,mtnk,r2karrar,2,725,6300,6300,1253,0,4,0
mbt.L0.htnk-r2qilin.r2,mbt,0,htnk,r2qilin,2,675,4500,4500,1494,0,2,0
mbt.L0.htnk-r2bozkir.r2,mbt,0,htnk,r2bozkir,2,625,9000,8550,2520,0,3,0
mbt.L0.htnk-r2m1a2s.r2,mbt,0,htnk,r2m1a2s,2,550,6300,6250,3095,0,4,0
mbt.L0.htnk-r2karrar.r2,mbt,0,htnk,r2karrar,2,650,4500,4500,787,0,2,0
mbt.L0.mtnk-r2qilin.r3,mbt,0,mtnk,r2qilin,3,675,8400,8250,2066,0,5,0
mbt.L0.mtnk-r2bozkir.r3,mbt,0,mtnk,r2bozkir,3,775,7700,7600,1026,0,2,0
mbt.L0.mtnk-r2m1a2s.r3,mbt,0,mtnk,r2m1a2s,3,575,6300,6250,2750,0,5,0
mbt.L0.mtnk-r2karrar.r3,mbt,0,mtnk,r2karrar,3,725,6300,6300,1029,0,3,0
mbt.L0.htnk-r2qilin.r3,mbt,0,htnk,r2qilin,3,700,4500,4500,729,0,2,0
mbt.L0.htnk-r2bozkir.r3,mbt,0,htnk,r2bozkir,3,575,9000,8550,3060,0,4,0
mbt.L0.htnk-r2m1a2s.r3,mbt,0,htnk,r2m1a2s,3,600,6300,6250,2654,0,4,0
mbt.L0.htnk-r2karrar.r3,mbt,0,htnk,r2karrar,3,650,4500,4500,787,0,2,0
mbt.L0.mtnk-r2qilin.r4,mbt,0,mtnk,r2qilin,4,700,8400,8250,1686,0,4,0
mbt.L0.mtnk-r2bozkir.r4,mbt,0,mtnk,r2bozkir,4,775,7700,7600,830,0,2,0
mbt.L0.mtnk-r2m1a2s.r4,mbt,0,mtnk,r2m1a2s,4,575,6300,6250,2286,0,4,0
mbt.L0.mtnk-r2karrar.r4,mbt,0,mtnk,r2karrar,4,725,6300,6300,1239,0,3,0
mbt.L0.htnk-r2qilin.r4,mbt,0,htnk,r2qilin,4,700,4500,4500,576,0,2,0
mbt.L0.htnk-r2bozkir.r4,mbt,0,htnk,r2bozkir,4,600,9000,8550,2700,0,3,0
mbt.L0.htnk-r2m1a2s.r4,mbt,0,htnk,r2m1a2s,4,625,6300,6250,2418,0,4,0
mbt.L0.htnk-r2karrar.r4,mbt,0,htnk,r2karrar,4,650,4500,4500,787,0,2,0
mbt.L0.mtnk-r2qilin.r5,mbt,0,mtnk,r2qilin,5,650,8400,8250,1961,0,6,0
mbt.L0.mtnk-r2bozkir.r5,mbt,0,mtnk,r2bozkir,5,875,7700,7600,140,0,1,0
mbt.L0.mtnk-r2m1a2s.r5,mbt,0,mtnk,r2m1a2s,5,575,6300,6250,2718,0,5,0
mbt.L0.mtnk-r2karrar.r5,mbt,0,mtnk,r2karrar,5,925,6300,6300,70,0,1,0
mbt.L0.htnk-r2qilin.r5,mbt,0,htnk,r2qilin,5,650,4500,4500,1188,0,2,0
mbt.L0.htnk-r2bozkir.r5,mbt,0,htnk,r2bozkir,5,600,9000,8550,3060,0,4,0
mbt.L0.htnk-r2m1a2s.r5,mbt,0,htnk,r2m1a2s,5,550,6300,6250,2872,0,4,0
mbt.L0.htnk-r2karrar.r5,mbt,0,htnk,r2karrar,5,650,4500,4500,787,0,2,0
mbt.L0.mtnk-r2qilin.r6,mbt,0,mtnk,r2qilin,6,650,8400,8250,1557,0,7,0
mbt.L0.mtnk-r2bozkir.r6,mbt,0,mtnk,r2bozkir,6,800,7700,7600,0,509,0,2
mbt.L0.mtnk-r2m1a2s.r6,mbt,0,mtnk,r2m1a2s,6,575,6300,6250,2718,0,5,0
mbt.L0.mtnk-r2karrar.r6,mbt,0,mtnk,r2karrar,6,875,6300,6300,140,0,2,0
mbt.L0.htnk-r2qilin.r6,mbt,0,htnk,r2qilin,6,700,4500,4500,576,0,2,0
mbt.L0.htnk-r2bozkir.r6,mbt,0,htnk,r2bozkir,6,600,9000,8550,3060,0,4,0
mbt.L0.htnk-r2m1a2s.r6,mbt,0,htnk,r2m1a2s,6,550,6300,6250,3109,0,5,0
mbt.L0.htnk-r2karrar.r6,mbt,0,htnk,r2karrar,6,725,4500,4500,585,0,2,0
mbt.L0.mtnk-r2qilin.r7,mbt,0,mtnk,r2qilin,7,650,8400,8250,2127,0,6,0
mbt.L0.mtnk-r2bozkir.r7,mbt,0,mtnk,r2bozkir,7,800,7700,7600,0,657,0,2
mbt.L0.mtnk-r2m1a2s.r7,mbt,0,mtnk,r2m1a2s,7,550,6300,6250,3672,0,6,0
mbt.L0.mtnk-r2karrar.r7,mbt,0,mtnk,r2karrar,7,675,6300,6300,1670,0,3,0
mbt.L0.htnk-r2qilin.r7,mbt,0,htnk,r2qilin,7,700,4500,4500,747,0,1,0
mbt.L0.htnk-r2bozkir.r7,mbt,0,htnk,r2bozkir,7,575,9000,8550,3420,0,5,0
mbt.L0.htnk-r2m1a2s.r7,mbt,0,htnk,r2m1a2s,7,625,6300,6250,2700,0,3,0
mbt.L0.htnk-r2karrar.r7,mbt,0,htnk,r2karrar,7,650,4500,4500,787,0,2,0
mbt.L2.mtnk-r2qilin.r0,mbt,2,mtnk,r2qilin,0,400,8400,8250,3196,0,7,0
mbt.L2.mtnk-r2bozkir.r0,mbt,2,mtnk,r2bozkir,0,400,7700,7600,2772,0,5,0
mbt.L2.mtnk-r2m1a2s.r0,mbt,2,mtnk,r2m1a2s,0,375,6300,6250,3472,0,6,0
mbt.L2.mtnk-r2karrar.r0,mbt,2,mtnk,r2karrar,0,375,6300,6300,2645,0,5,0
mbt.L2.htnk-r2qilin.r0,mbt,2,htnk,r2qilin,0,400,4500,4500,1957,0,3,0
mbt.L2.htnk-r2bozkir.r0,mbt,2,htnk,r2bozkir,0,325,9000,8550,5619,0,8,0
mbt.L2.htnk-r2m1a2s.r0,mbt,2,htnk,r2m1a2s,0,375,6300,6250,3784,0,5,0
mbt.L2.htnk-r2karrar.r0,mbt,2,htnk,r2karrar,0,425,4500,4500,1903,0,3,0
mbt.L2.mtnk-r2qilin.r1,mbt,2,mtnk,r2qilin,1,425,8400,8250,2762,0,8,0
mbt.L2.mtnk-r2bozkir.r1,mbt,2,mtnk,r2bozkir,1,425,7700,7600,2723,0,6,0
mbt.L2.mtnk-r2m1a2s.r1,mbt,2,mtnk,r2m1a2s,1,400,6300,6250,3262,0,5,0
mbt.L2.mtnk-r2karrar.r1,mbt,2,mtnk,r2karrar,1,375,6300,6300,2664,0,5,0
mbt.L2.htnk-r2qilin.r1,mbt,2,htnk,r2qilin,1,400,4500,4500,1808,0,3,0
mbt.L2.htnk-r2bozkir.r1,mbt,2,htnk,r2bozkir,1,325,9000,8550,5619,0,8,0
mbt.L2.htnk-r2m1a2s.r1,mbt,2,htnk,r2m1a2s,1,350,6300,6250,3997,0,6,0
mbt.L2.htnk-r2karrar.r1,mbt,2,htnk,r2karrar,1,425,4500,4500,1894,0,3,0
mbt.L2.mtnk-r2qilin.r2,mbt,2,mtnk,r2qilin,2,450,8400,8250,2734,0,7,0
mbt.L2.mtnk-r2bozkir.r2,mbt,2,mtnk,r2bozkir,2,425,7700,7600,2954,0,5,0
mbt.L2.mtnk-r2m1a2s.r2,mbt,2,mtnk,r2m1a2s,2,375,6300,6250,3486,0,6,0
mbt.L2.mtnk-r2karrar.r2,mbt,2,mtnk,r2karrar,2,375,6300,6300,2965,0,6,0
mbt.L2.htnk-r2qilin.r2,mbt,2,htnk,r2qilin,2,400,4500,4500,1808,0,3,0
mbt.L2.htnk-r2bozkir.r2,mbt,2,htnk,r2bozkir,2,325,9000,8550,5444,0,8,0
mbt.L2.htnk-r2m1a2s.r2,mbt,2,htnk,r2m1a2s,2,350,6300,6250,4027,0,5,0
mbt.L2.htnk-r2karrar.r2,mbt,2,htnk,r2karrar,2,475,4500,4500,1524,0,3,0
mbt.L2.mtnk-r2qilin.r3,mbt,2,mtnk,r2qilin,3,425,8400,8250,2590,0,7,0
mbt.L2.mtnk-r2bozkir.r3,mbt,2,mtnk,r2bozkir,3,425,7700,7600,2207,0,5,0
mbt.L2.mtnk-r2m1a2s.r3,mbt,2,mtnk,r2m1a2s,3,375,6300,6250,3227,0,6,0
mbt.L2.mtnk-r2karrar.r3,mbt,2,mtnk,r2karrar,3,375,6300,6300,2779,0,6,0
mbt.L2.htnk-r2qilin.r3,mbt,2,htnk,r2qilin,3,450,4500,4500,1651,0,2,0
mbt.L2.htnk-r2bozkir.r3,mbt,2,htnk,r2bozkir,3,325,9000,8550,5269,0,8,0
mbt.L2.htnk-r2m1a2s.r3,mbt,2,htnk,r2m1a2s,3,350,6300,6250,3797,0,5,0
mbt.L2.htnk-r2karrar.r3,mbt,2,htnk,r2karrar,3,400,4500,4500,1721,0,3,0
mbt.L2.mtnk-r2qilin.r4,mbt,2,mtnk,r2qilin,4,425,8400,8250,2744,0,7,0
mbt.L2.mtnk-r2bozkir.r4,mbt,2,mtnk,r2bozkir,4,375,7700,7600,3472,0,6,0
mbt.L2.mtnk-r2m1a2s.r4,mbt,2,mtnk,r2m1a2s,4,375,6300,6250,3248,0,6,0
mbt.L2.mtnk-r2karrar.r4,mbt,2,mtnk,r2karrar,4,375,6300,6300,3376,0,6,0
mbt.L2.htnk-r2qilin.r4,mbt,2,htnk,r2qilin,4,425,4500,4500,1957,0,3,0
mbt.L2.htnk-r2bozkir.r4,mbt,2,htnk,r2bozkir,4,325,9000,8550,5610,0,8,0
mbt.L2.htnk-r2m1a2s.r4,mbt,2,htnk,r2m1a2s,4,325,6300,6250,4711,0,6,0
mbt.L2.htnk-r2karrar.r4,mbt,2,htnk,r2karrar,4,475,4500,4500,1604,0,2,0
mbt.L2.mtnk-r2qilin.r5,mbt,2,mtnk,r2qilin,5,425,8400,8250,2781,0,6,0
mbt.L2.mtnk-r2bozkir.r5,mbt,2,mtnk,r2bozkir,5,425,7700,7600,2408,0,5,0
mbt.L2.mtnk-r2m1a2s.r5,mbt,2,mtnk,r2m1a2s,5,400,6300,6250,3252,0,5,0
mbt.L2.mtnk-r2karrar.r5,mbt,2,mtnk,r2karrar,5,375,6300,6300,2622,0,5,0
mbt.L2.htnk-r2qilin.r5,mbt,2,htnk,r2qilin,5,400,4500,4500,1957,0,3,0
mbt.L2.htnk-r2bozkir.r5,mbt,2,htnk,r2bozkir,5,325,9000,8550,5093,0,8,0
mbt.L2.htnk-r2m1a2s.r5,mbt,2,htnk,r2m1a2s,5,350,6300,6250,3960,0,6,0
mbt.L2.htnk-r2karrar.r5,mbt,2,htnk,r2karrar,5,400,4500,4500,2100,0,3,0
mbt.L2.mtnk-r2qilin.r6,mbt,2,mtnk,r2qilin,6,400,8400,8250,3840,0,8,0
mbt.L2.mtnk-r2bozkir.r6,mbt,2,mtnk,r2bozkir,6,375,7700,7600,3121,0,5,0
mbt.L2.mtnk-r2m1a2s.r6,mbt,2,mtnk,r2m1a2s,6,375,6300,6250,3458,0,6,0
mbt.L2.mtnk-r2karrar.r6,mbt,2,mtnk,r2karrar,6,350,6300,6300,3238,0,7,0
mbt.L2.htnk-r2qilin.r6,mbt,2,htnk,r2qilin,6,400,4500,4500,1809,0,3,0
mbt.L2.htnk-r2bozkir.r6,mbt,2,htnk,r2bozkir,6,325,9000,8550,5443,0,8,0
mbt.L2.htnk-r2m1a2s.r6,mbt,2,htnk,r2m1a2s,6,350,6300,6250,3777,0,5,0
mbt.L2.htnk-r2karrar.r6,mbt,2,htnk,r2karrar,6,450,4500,4500,1408,0,2,0
mbt.L2.mtnk-r2qilin.r7,mbt,2,mtnk,r2qilin,7,425,8400,8250,3040,0,7,0
mbt.L2.mtnk-r2bozkir.r7,mbt,2,mtnk,r2bozkir,7,400,7700,7600,3249,0,6,0
mbt.L2.mtnk-r2m1a2s.r7,mbt,2,mtnk,r2m1a2s,7,375,6300,6250,3693,0,6,0
mbt.L2.mtnk-r2karrar.r7,mbt,2,mtnk,r2karrar,7,375,6300,6300,2263,0,5,0
mbt.L2.htnk-r2qilin.r7,mbt,2,htnk,r2qilin,7,425,4500,4500,1957,0,3,0
mbt.L2.htnk-r2bozkir.r7,mbt,2,htnk,r2bozkir,7,325,9000,8550,5597,0,7,0
mbt.L2.htnk-r2m1a2s.r7,mbt,2,htnk,r2m1a2s,7,350,6300,6250,3976,0,6,0
mbt.L2.htnk-r2karrar.r7,mbt,2,htnk,r2karrar,7,400,4500,4500,2112,0,3,0
rifle.L0.e1-r2cnrifle.r0,rifle,0,e1,r2cnrifle,0,800,4800,4800,841,0,7,0
rifle.L0.e1-r2trrifle.r0,rifle,0,e1,r2trrifle,0,600,4400,4400,2570,0,16,0
rifle.L0.e1-r2sang.r0,rifle,0,e1,r2sang,0,675,4400,4400,1872,0,11,0
rifle.L0.e1-r2basij.r0,rifle,0,e1,r2basij,0,700,4400,4400,0,2069,0,22
rifle.L0.e1-r2ymr.r0,rifle,0,e1,r2ymr,0,550,4400,4400,0,3200,0,33
rifle.L0.e2-r2cnrifle.r0,rifle,0,e2,r2cnrifle,0,725,4500,4500,2553,0,29,0
rifle.L0.e2-r2trrifle.r0,rifle,0,e2,r2trrifle,0,650,4600,4600,3537,0,37,0
rifle.L0.e2-r2sang.r0,rifle,0,e2,r2sang,0,700,5500,5500,3458,0,38,0
rifle.L0.e2-r2basij.r0,rifle,0,e2,r2basij,0,775,4500,4500,2141,0,25,0
rifle.L0.e2-r2ymr.r0,rifle,0,e2,r2ymr,0,750,4500,4500,0,2055,0,21
rifle.L0.e1-r2cnrifle.r1,rifle,0,e1,r2cnrifle,1,975,4800,4800,0,292,0,3
rifle.L0.e1-r2trrifle.r1,rifle,0,e1,r2trrifle,1,625,4400,4400,2647,0,17,0
rifle.L0.e1-r2sang.r1,rifle,0,e1,r2sang,1,700,4400,4400,1431,0,9,0
rifle.L0.e1-r2basij.r1,rifle,0,e1,r2basij,1,750,4400,4400,0,1463,0,17
rifle.L0.e1-r2ymr.r1,rifle,0,e1,r2ymr,1,550,4400,4400,0,3320,0,34
rifle.L0.e2-r2cnrifle.r1,rifle,0,e2,r2cnrifle,1,700,4500,4500,2650,0,29,0
rifle.L0.e2-r2trrifle.r1,rifle,0,e2,r2trrifle,1,675,4600,4600,3497,0,38,0
rifle.L0.e2-r2sang.r1,rifle,0,e2,r2sang,1,725,5500,5500,3366,0,36,0
rifle.L0.e2-r2basij.r1,rifle,0,e2,r2basij,1,750,4500,4500,2395,0,27,0
rifle.L0.e2-r2ymr.r1,rifle,0,e2,r2ymr,1,825,4500,4500,0,1795,0,19
rifle.L0.e1-r2cnrifle.r2,rifle,0,e1,r2cnrifle,2,900,4800,4800,0,494,0,4
rifle.L0.e1-r2trrifle.r2,rifle,0,e1,r2trrifle,2,625,4400,4400,2509,0,15,0
rifle.L0.e1-r2sang.r2,rifle,0,e1,r2sang,2,700,4400,4400,1640,0,10,0
rifle.L0.e1-r2basij.r2,rifle,0,e1,r2basij,2,700,4400,4400,0,1859,0,19
rifle.L0.e1-r2ymr.r2,rifle,0,e1,r2ymr,2,550,4400,4400,0,3240,0,33
rifle.L0.e2-r2cnrifle.r2,rifle,0,e2,r2cnrifle,2,725,4500,4500,2671,0,29,0
rifle.L0.e2-r2trrifle.r2,rifle,0,e2,r2trrifle,2,650,4600,4600,3514,0,37,0
rifle.L0.e2-r2sang.r2,rifle,0,e2,r2sang,2,700,5500,5500,3556,0,38,0
rifle.L0.e2-r2basij.r2,rifle,0,e2,r2basij,2,775,4500,4500,2187,0,26,0
rifle.L0.e2-r2ymr.r2,rifle,0,e2,r2ymr,2,750,4500,4500,0,2420,0,26
rifle.L0.e1-r2cnrifle.r3,rifle,0,e1,r2cnrifle,3,875,4800,4800,377,0,4,0
rifle.L0.e1-r2trrifle.r3,rifle,0,e1,r2trrifle,3,625,4400,4400,2621,0,15,0
rifle.L0.e1-r2sang.r3,rifle,0,e1,r2sang,3,725,4400,4400,1203,0,8,0
rifle.L0.e1-r2basij.r3,rifle,0,e1,r2basij,3,775,4400,4400,0,1201,0,14
rifle.L0.e1-r2ymr.r3,rifle,0,e1,r2ymr,3,550,4400,4400,0,2994,0,33
rifle.L0.e2-r2cnrifle.r3,rifle,0,e2,r2cnrifle,3,725,4500,4500,2521,0,28,0
rifle.L0.e2-r2trrifle.r3,rifle,0,e2,r2trrifle,3,650,4600,4600,3524,0,38,0
rifle.L0.e2-r2sang.r3,rifle,0,e2,r2sang,3,750,5500,5500,3419,0,37,0
rifle.L0.e2-r2basij.r3,rifle,0,e2,r2basij,3,750,4500,4500,2218,0,27,0
rifle.L0.e2-r2ymr.r3,rifle,0,e2,r2ymr,3,825,4500,4500,0,1720,0,19
rifle.L0.e1-r2cnrifle.r4,rifle,0,e1,r2cnrifle,4,800,4800,4800,891,0,6,0
rifle.L0.e1-r2trrifle.r4,rifle,0,e1,r2trrifle,4,625,4400,4400,2623,0,16,0
rifle.L0.e1-r2sang.r4,rifle,0,e1,r2sang,4,650,4400,4400,1821,0,12,0
rifle.L0.e1-r2basij.r4,rifle,0,e1,r2basij,4,700,4400,4400,0,1925,0,21
rifle.L0.e1-r2ymr.r4,rifle,0,e1,r2ymr,4,550,4400,4400,0,3220,0,33
rifle.L0.e2-r2cnrifle.r4,rifle,0,e2,r2cnrifle,4,700,4500,4500,2595,0,31,0
rifle.L0.e2-r2trrifle.r4,rifle,0,e2,r2trrifle,4,650,4600,4600,3515,0,37,0
rifle.L0.e2-r2sang.r4,rifle,0,e2,r2sang,4,700,5500,5500,3424,0,37,0
rifle.L0.e2-r2basij.r4,rifle,0,e2,r2basij,4,775,4500,4500,2147,0,26,0
rifle.L0.e2-r2ymr.r4,rifle,0,e2,r2ymr,4,775,4500,4500,0,2180,0,23
rifle.L0.e1-r2cnrifle.r5,rifle,0,e1,r2cnrifle,5,900,4800,4800,0,495,0,4
rifle.L0.e1-r2trrifle.r5,rifle,0,e1,r2trrifle,5,625,4400,4400,2608,0,16,0
rifle.L0.e1-r2sang.r5,rifle,0,e1,r2sang,5,725,4400,4400,1294,0,8,0
rifle.L0.e1-r2basij.r5,rifle,0,e1,r2basij,5,750,4400,4400,0,1241,0,16
rifle.L0.e1-r2ymr.r5,rifle,0,e1,r2ymr,5,550,4400,4400,0,3234,0,33
rifle.L0.e2-r2cnrifle.r5,rifle,0,e2,r2cnrifle,5,700,4500,4500,2630,0,29,0
rifle.L0.e2-r2trrifle.r5,rifle,0,e2,r2trrifle,5,675,4600,4600,3439,0,36,0
rifle.L0.e2-r2sang.r5,rifle,0,e2,r2sang,5,750,5500,5500,3270,0,36,0
rifle.L0.e2-r2basij.r5,rifle,0,e2,r2basij,5,750,4500,4500,2120,0,28,0
rifle.L0.e2-r2ymr.r5,rifle,0,e2,r2ymr,5,775,4500,4500,0,1755,0,18
rifle.L0.e1-r2cnrifle.r6,rifle,0,e1,r2cnrifle,6,850,4800,4800,0,723,0,5
rifle.L0.e1-r2trrifle.r6,rifle,0,e1,r2trrifle,6,625,4400,4400,2525,0,15,0
rifle.L0.e1-r2sang.r6,rifle,0,e1,r2sang,6,675,4400,4400,1686,0,10,0
rifle.L0.e1-r2basij.r6,rifle,0,e1,r2basij,6,700,4400,4400,0,1948,0,22
rifle.L0.e1-r2ymr.r6,rifle,0,e1,r2ymr,6,550,4400,4400,0,3280,0,34
rifle.L0.e2-r2cnrifle.r6,rifle,0,e2,r2cnrifle,6,725,4500,4500,2557,0,30,0
rifle.L0.e2-r2trrifle.r6,rifle,0,e2,r2trrifle,6,650,4600,4600,3519,0,37,0
rifle.L0.e2-r2sang.r6,rifle,0,e2,r2sang,6,725,5500,5500,3332,0,37,0
rifle.L0.e2-r2basij.r6,rifle,0,e2,r2basij,6,800,4500,4500,2115,0,26,0
rifle.L0.e2-r2ymr.r6,rifle,0,e2,r2ymr,6,775,4500,4500,0,2070,0,21
rifle.L0.e1-r2cnrifle.r7,rifle,0,e1,r2cnrifle,7,975,4800,4800,0,271,0,2
rifle.L0.e1-r2trrifle.r7,rifle,0,e1,r2trrifle,7,600,4400,4400,2612,0,16,0
rifle.L0.e1-r2sang.r7,rifle,0,e1,r2sang,7,725,4400,4400,1295,0,8,0
rifle.L0.e1-r2basij.r7,rifle,0,e1,r2basij,7,725,4400,4400,0,1529,0,18
rifle.L0.e1-r2ymr.r7,rifle,0,e1,r2ymr,7,575,4400,4400,0,3112,0,33
rifle.L0.e2-r2cnrifle.r7,rifle,0,e2,r2cnrifle,7,725,4500,4500,2444,0,29,0
rifle.L0.e2-r2trrifle.r7,rifle,0,e2,r2trrifle,7,650,4600,4600,3496,0,37,0
rifle.L0.e2-r2sang.r7,rifle,0,e2,r2sang,7,725,5500,5500,3397,0,37,0
rifle.L0.e2-r2basij.r7,rifle,0,e2,r2basij,7,750,4500,4500,2239,0,28,0
rifle.L0.e2-r2ymr.r7,rifle,0,e2,r2ymr,7,775,4500,4500,0,2110,0,22
rifle.L2.e1-r2cnrifle.r0,rifle,2,e1,r2cnrifle,0,500,4800,4800,2454,0,16,0
rifle.L2.e1-r2trrifle.r0,rifle,2,e1,r2trrifle,0,475,4400,4400,2916,0,19,0
rifle.L2.e1-r2sang.r0,rifle,2,e1,r2sang,0,450,4400,4400,2600,0,16,0
rifle.L2.e1-r2basij.r0,rifle,2,e1,r2basij,0,600,4400,4400,1069,0,9,0
rifle.L2.e1-r2ymr.r0,rifle,2,e1,r2ymr,0,475,4400,4400,0,2528,0,26
rifle.L2.e2-r2cnrifle.r0,rifle,2,e2,r2cnrifle,0,450,4500,4500,3734,0,39,0
rifle.L2.e2-r2trrifle.r0,rifle,2,e2,r2trrifle,0,400,4600,4600,4134,0,43,0
rifle.L2.e2-r2sang.r0,rifle,2,e2,r2sang,0,350,5500,5500,5132,0,54,0
rifle.L2.e2-r2basij.r0,rifle,2,e2,r2basij,0,450,4500,4500,3761,0,40,0
rifle.L2.e2-r2ymr.r0,rifle,2,e2,r2ymr,0,475,4500,4500,3263,0,37,0
rifle.L2.e1-r2cnrifle.r1,rifle,2,e1,r2cnrifle,1,525,4800,4800,2213,0,14,0
rifle.L2.e1-r2trrifle.r1,rifle,2,e1,r2trrifle,1,500,4400,4400,2541,0,13,0
rifle.L2.e1-r2sang.r1,rifle,2,e1,r2sang,1,475,4400,4400,2488,0,15,0
rifle.L2.e1-r2basij.r1,rifle,2,e1,r2basij,1,625,4400,4400,790,0,6,0
rifle.L2.e1-r2ymr.r1,rifle,2,e1,r2ymr,1,450,4400,4400,0,2976,0,30
rifle.L2.e2-r2cnrifle.r1,rifle,2,e2,r2cnrifle,1,425,4500,4500,3843,0,41,0
rifle.L2.e2-r2trrifle.r1,rifle,2,e2,r2trrifle,1,425,4600,4600,4030,0,42,0
rifle.L2.e2-r2sang.r1,rifle,2,e2,r2sang,1,450,5500,5500,4825,0,50,0
rifle.L2.e2-r2basij.r1,rifle,2,e2,r2basij,1,450,4500,4500,3831,0,42,0
rifle.L2.e2-r2ymr.r1,rifle,2,e2,r2ymr,1,500,4500,4500,2909,0,32,0
rifle.L2.e1-r2cnrifle.r2,rifle,2,e1,r2cnrifle,2,525,4800,4800,2299,0,15,0
rifle.L2.e1-r2trrifle.r2,rifle,2,e1,r2trrifle,2,500,4400,4400,2753,0,18,0
rifle.L2.e1-r2sang.r2,rifle,2,e1,r2sang,2,475,4400,4400,2464,0,14,0
rifle.L2.e1-r2basij.r2,rifle,2,e1,r2basij,2,550,4400,4400,1446,0,13,0
rifle.L2.e1-r2ymr.r2,rifle,2,e1,r2ymr,2,475,4400,4400,0,2576,0,26
rifle.L2.e2-r2cnrifle.r2,rifle,2,e2,r2cnrifle,2,450,4500,4500,3894,0,41,0
rifle.L2.e2-r2trrifle.r2,rifle,2,e2,r2trrifle,2,425,4600,4600,4127,0,43,0
rifle.L2.e2-r2sang.r2,rifle,2,e2,r2sang,2,450,5500,5500,4744,0,50,0
rifle.L2.e2-r2basij.r2,rifle,2,e2,r2basij,2,450,4500,4500,3863,0,42,0
rifle.L2.e2-r2ymr.r2,rifle,2,e2,r2ymr,2,475,4500,4500,3283,0,38,0
rifle.L2.e1-r2cnrifle.r3,rifle,2,e1,r2cnrifle,3,575,4800,4800,1543,0,10,0
rifle.L2.e1-r2trrifle.r3,rifle,2,e1,r2trrifle,3,500,4400,4400,2663,0,15,0
rifle.L2.e1-r2sang.r3,rifle,2,e1,r2sang,3,475,4400,4400,2455,0,16,0
rifle.L2.e1-r2basij.r3,rifle,2,e1,r2basij,3,750,4400,4400,236,0,3,0
rifle.L2.e1-r2ymr.r3,rifle,2,e1,r2ymr,3,475,4400,4400,0,2908,0,31
rifle.L2.e2-r2cnrifle.r3,rifle,2,e2,r2cnrifle,3,450,4500,4500,3821,0,41,0
rifle.L2.e2-r2trrifle.r3,rifle,2,e2,r2trrifle,3,400,4600,4600,4113,0,43,0
rifle.L2.e2-r2sang.r3,rifle,2,e2,r2sang,3,450,5500,5500,4809,0,50,0
rifle.L2.e2-r2basij.r3,rifle,2,e2,r2basij,3,450,4500,4500,3955,0,42,0
rifle.L2.e2-r2ymr.r3,rifle,2,e2,r2ymr,3,500,4500,4500,3184,0,37,0
rifle.L2.e1-r2cnrifle.r4,rifle,2,e1,r2cnrifle,4,500,4800,4800,2317,0,16,0
rifle.L2.e1-r2trrifle.r4,rifle,2,e1,r2trrifle,4,475,4400,4400,2837,0,17,0
rifle.L2.e1-r2sang.r4,rifle,2,e1,r2sang,4,475,4400,4400,2569,0,16,0
rifle.L2.e1-r2basij.r4,rifle,2,e1,r2basij,4,625,4400,4400,895,0,7,0
rifle.L2.e1-r2ymr.r4,rifle,2,e1,r2ymr,4,475,4400,4400,0,2484,0,27
rifle.L2.e2-r2cnrifle.r4,rifle,2,e2,r2cnrifle,4,450,4500,4500,3858,0,41,0
rifle.L2.e2-r2trrifle.r4,rifle,2,e2,r2trrifle,4,400,4600,4600,4136,0,44,0
rifle.L2.e2-r2sang.r4,rifle,2,e2,r2sang,4,450,5500,5500,4852,0,52,0
rifle.L2.e2-r2basij.r4,rifle,2,e2,r2basij,4,425,4500,4500,3884,0,42,0
rifle.L2.e2-r2ymr.r4,rifle,2,e2,r2ymr,4,400,4500,4500,3887,0,44,0
rifle.L2.e1-r2cnrifle.r5,rifle,2,e1,r2cnrifle,5,575,4800,4800,0,1800,0,12
rifle.L2.e1-r2trrifle.r5,rifle,2,e1,r2trrifle,5,475,4400,4400,2635,0,16,0
rifle.L2.e1-r2sang.r5,rifle,2,e1,r2sang,5,475,4400,4400,2368,0,15,0
rifle.L2.e1-r2basij.r5,rifle,2,e1,r2basij,5,650,4400,4400,600,0,6,0
rifle.L2.e1-r2ymr.r5,rifle,2,e1,r2ymr,5,475,4400,4400,0,2456,0,26
rifle.L2.e2-r2cnrifle.r5,rifle,2,e2,r2cnrifle,5,450,4500,4500,3717,0,40,0
rifle.L2.e2-r2trrifle.r5,rifle,2,e2,r2trrifle,5,400,4600,4600,4093,0,44,0
rifle.L2.e2-r2sang.r5,rifle,2,e2,r2sang,5,450,5500,5500,4822,0,50,0
rifle.L2.e2-r2basij.r5,rifle,2,e2,r2basij,5,450,4500,4500,3930,0,42,0
rifle.L2.e2-r2ymr.r5,rifle,2,e2,r2ymr,5,500,4500,4500,3091,0,34,0
rifle.L2.e1-r2cnrifle.r6,rifle,2,e1,r2cnrifle,6,525,4800,4800,2594,0,17,0
rifle.L2.e1-r2trrifle.r6,rifle,2,e1,r2trrifle,6,475,4400,4400,2954,0,19,0
rifle.L2.e1-r2sang.r6,rifle,2,e1,r2sang,6,475,4400,4400,2556,0,15,0
rifle.L2.e1-r2basij.r6,rifle,2,e1,r2basij,6,575,4400,4400,1292,0,10,0
rifle.L2.e1-r2ymr.r6,rifle,2,e1,r2ymr,6,475,4400,4400,0,2360,0,26
rifle.L2.e2-r2cnrifle.r6,rifle,2,e2,r2cnrifle,6,425,4500,4500,3904,0,41,0
rifle.L2.e2-r2trrifle.r6,rifle,2,e2,r2trrifle,6,425,4600,4600,4111,0,43,0
rifle.L2.e2-r2sang.r6,rifle,2,e2,r2sang,6,450,5500,5500,4755,0,52,0
rifle.L2.e2-r2basij.r6,rifle,2,e2,r2basij,6,450,4500,4500,3967,0,41,0
rifle.L2.e2-r2ymr.r6,rifle,2,e2,r2ymr,6,475,4500,4500,3201,0,34,0
rifle.L2.e1-r2cnrifle.r7,rifle,2,e1,r2cnrifle,7,575,4800,4800,1676,0,9,0
rifle.L2.e1-r2trrifle.r7,rifle,2,e1,r2trrifle,7,475,4400,4400,2770,0,16,0
rifle.L2.e1-r2sang.r7,rifle,2,e1,r2sang,7,500,4400,4400,2378,0,13,0
rifle.L2.e1-r2basij.r7,rifle,2,e1,r2basij,7,600,4400,4400,1012,0,8,0
rifle.L2.e1-r2ymr.r7,rifle,2,e1,r2ymr,7,475,4400,4400,0,3076,0,31
rifle.L2.e2-r2cnrifle.r7,rifle,2,e2,r2cnrifle,7,450,4500,4500,3804,0,42,0
rifle.L2.e2-r2trrifle.r7,rifle,2,e2,r2trrifle,7,425,4600,4600,3992,0,41,0
rifle.L2.e2-r2sang.r7,rifle,2,e2,r2sang,7,450,5500,5500,4831,0,52,0
rifle.L2.e2-r2basij.r7,rifle,2,e2,r2basij,7,450,4500,4500,3841,0,40,0
rifle.L2.e2-r2ymr.r7,rifle,2,e2,r2ymr,7,500,4500,4500,3014,0,35,0
at.L0.shk-htnk.r0,at,0,shk,htnk,0,550,4500,4500,3459,0,9,0
at.L0.r2cnportable-htnk.r0,at,0,r2cnportable,htnk,0,650,7200,7200,5021,0,13,0
at.L0.r2trat-htnk.r0,at,0,r2trat,htnk,0,625,7200,7200,5256,0,14,0
at.L0.r2saat-htnk.r0,at,0,r2saat,htnk,0,600,4500,4500,3094,0,7,0
at.L0.r2toophan-htnk.r0,at,0,r2toophan,htnk,0,500,4500,4500,3483,0,8,0
at.L0.r2yrpg-htnk.r0,at,0,r2yrpg,htnk,0,400,4500,4500,4455,0,15,0
at.L0.shk-htnk.r1,at,0,shk,htnk,1,550,4500,4500,3498,0,9,0
at.L0.r2cnportable-htnk.r1,at,0,r2cnportable,htnk,1,700,7200,7200,4277,0,13,0
at.L0.r2trat-htnk.r1,at,0,r2trat,htnk,1,675,7200,7200,5040,0,14,0
at.L0.r2saat-htnk.r1,at,0,r2saat,htnk,1,525,4500,4500,3572,0,8,0
at.L0.r2toophan-htnk.r1,at,0,r2toophan,htnk,1,475,4500,4500,3583,0,9,0
at.L0.r2yrpg-htnk.r1,at,0,r2yrpg,htnk,1,475,4500,4500,4500,0,15,0
at.L0.shk-htnk.r2,at,0,shk,htnk,2,550,4500,4500,3581,0,9,0
at.L0.r2cnportable-htnk.r2,at,0,r2cnportable,htnk,2,650,7200,7200,4846,0,14,0
at.L0.r2trat-htnk.r2,at,0,r2trat,htnk,2,575,7200,7200,5548,0,16,0
at.L0.r2saat-htnk.r2,at,0,r2saat,htnk,2,575,4500,4500,3429,0,8,0
at.L0.r2toophan-htnk.r2,at,0,r2toophan,htnk,2,700,4500,4500,2487,0,6,0
at.L0.r2yrpg-htnk.r2,at,0,r2yrpg,htnk,2,475,4500,4500,3755,0,15,0
at.L0.shk-htnk.r3,at,0,shk,htnk,3,575,4500,4500,3485,0,9,0
at.L0.r2cnportable-htnk.r3,at,0,r2cnportable,htnk,3,700,7200,7200,4581,0,12,0
at.L0.r2trat-htnk.r3,at,0,r2trat,htnk,3,650,7200,7200,5224,0,15,0
at.L0.r2saat-htnk.r3,at,0,r2saat,htnk,3,525,4500,4500,3572,0,8,0
at.L0.r2toophan-htnk.r3,at,0,r2toophan,htnk,3,475,4500,4500,3583,0,9,0
at.L0.r2yrpg-htnk.r3,at,0,r2yrpg,htnk,3,475,4500,4500,4500,0,15,0
at.L0.shk-htnk.r4,at,0,shk,htnk,4,550,4500,4500,3451,0,9,0
at.L0.r2cnportable-htnk.r4,at,0,r2cnportable,htnk,4,650,7200,7200,4967,0,14,0
at.L0.r2trat-htnk.r4,at,0,r2trat,htnk,4,625,7200,7200,4880,0,14,0
at.L0.r2saat-htnk.r4,at,0,r2saat,htnk,4,600,4500,4500,3152,0,7,0
at.L0.r2toophan-htnk.r4,at,0,r2toophan,htnk,4,500,4500,4500,3366,0,8,0
at.L0.r2yrpg-htnk.r4,at,0,r2yrpg,htnk,4,275,4500,4500,4481,0,15,0
at.L0.shk-htnk.r5,at,0,shk,htnk,5,550,4500,4500,3592,0,9,0
at.L0.r2cnportable-htnk.r5,at,0,r2cnportable,htnk,5,700,7200,7200,4616,0,12,0
at.L0.r2trat-htnk.r5,at,0,r2trat,htnk,5,575,7200,7200,5292,0,15,0
at.L0.r2saat-htnk.r5,at,0,r2saat,htnk,5,500,4500,4500,3576,0,8,0
at.L0.r2toophan-htnk.r5,at,0,r2toophan,htnk,5,700,4500,4500,2577,0,6,0
at.L0.r2yrpg-htnk.r5,at,0,r2yrpg,htnk,5,475,4500,4500,3615,0,14,0
at.L0.shk-htnk.r6,at,0,shk,htnk,6,550,4500,4500,3428,0,9,0
at.L0.r2cnportable-htnk.r6,at,0,r2cnportable,htnk,6,675,7200,7200,4643,0,13,0
at.L0.r2trat-htnk.r6,at,0,r2trat,htnk,6,625,7200,7200,5156,0,15,0
at.L0.r2saat-htnk.r6,at,0,r2saat,htnk,6,600,4500,4500,3152,0,7,0
at.L0.r2toophan-htnk.r6,at,0,r2toophan,htnk,6,700,4500,4500,2487,0,6,0
at.L0.r2yrpg-htnk.r6,at,0,r2yrpg,htnk,6,500,4500,4500,3637,0,13,0
at.L0.shk-htnk.r7,at,0,shk,htnk,7,525,4500,4500,3557,0,9,0
at.L0.r2cnportable-htnk.r7,at,0,r2cnportable,htnk,7,675,7200,7200,4705,0,14,0
at.L0.r2trat-htnk.r7,at,0,r2trat,htnk,7,650,7200,7200,5140,0,14,0
at.L0.r2saat-htnk.r7,at,0,r2saat,htnk,7,575,4500,4500,3313,0,8,0
at.L0.r2toophan-htnk.r7,at,0,r2toophan,htnk,7,700,4500,4500,2577,0,6,0
at.L0.r2yrpg-htnk.r7,at,0,r2yrpg,htnk,7,500,4500,4500,3563,0,14,0
at.L2.shk-htnk.r0,at,2,shk,htnk,0,350,4500,4500,1948,0,5,0
at.L2.r2cnportable-htnk.r0,at,2,r2cnportable,htnk,0,450,7200,7200,0,3623,0,5
at.L2.r2trat-htnk.r0,at,2,r2trat,htnk,0,450,7200,7200,0,3018,0,4
at.L2.r2saat-htnk.r0,at,2,r2saat,htnk,0,500,4500,4500,0,585,0,1
at.L2.r2toophan-htnk.r0,at,2,r2toophan,htnk,0,400,4500,4500,0,1149,0,2
at.L2.r2yrpg-htnk.r0,at,2,r2yrpg,htnk,0,450,4500,4500,1060,0,5,0
at.L2.shk-htnk.r1,at,2,shk,htnk,1,400,4500,4500,1199,0,3,0
at.L2.r2cnportable-htnk.r1,at,2,r2cnportable,htnk,1,525,7200,7200,0,1823,0,3
at.L2.r2trat-htnk.r1,at,2,r2trat,htnk,1,425,7200,7200,0,3309,0,4
at.L2.r2saat-htnk.r1,at,2,r2saat,htnk,1,400,4500,4500,0,1233,0,2
at.L2.r2toophan-htnk.r1,at,2,r2toophan,htnk,1,425,4500,4500,0,1109,0,2
at.L2.r2yrpg-htnk.r1,at,2,r2yrpg,htnk,1,450,4500,4500,0,978,0,2
at.L2.shk-htnk.r2,at,2,shk,htnk,2,475,4500,4500,0,144,0,1
at.L2.r2cnportable-htnk.r2,at,2,r2cnportable,htnk,2,500,7200,7200,0,2646,0,3
at.L2.r2trat-htnk.r2,at,2,r2trat,htnk,2,425,7200,7200,0,3422,0,4
at.L2.r2saat-htnk.r2,at,2,r2saat,htnk,2,375,4500,4500,0,1277,0,3
at.L2.r2toophan-htnk.r2,at,2,r2toophan,htnk,2,400,4500,4500,0,2017,0,3
at.L2.r2yrpg-htnk.r2,at,2,r2yrpg,htnk,2,425,4500,4500,0,1143,0,2
at.L2.shk-htnk.r3,at,2,shk,htnk,3,425,4500,4500,400,0,1,0
at.L2.r2cnportable-htnk.r3,at,2,r2cnportable,htnk,3,450,7200,7200,0,3444,0,4
at.L2.r2trat-htnk.r3,at,2,r2trat,htnk,3,450,7200,7200,0,3068,0,5
at.L2.r2saat-htnk.r3,at,2,r2saat,htnk,3,400,4500,4500,0,1361,0,2
at.L2.r2toophan-htnk.r3,at,2,r2toophan,htnk,3,425,4500,4500,0,1451,0,2
at.L2.r2yrpg-htnk.r3,at,2,r2yrpg,htnk,3,450,4500,4500,0,1143,0,2
at.L2.shk-htnk.r4,at,2,shk,htnk,4,375,4500,4500,0,1167,0,3
at.L2.r2cnportable-htnk.r4,at,2,r2cnportable,htnk,4,475,7200,7200,0,2161,0,4
at.L2.r2trat-htnk.r4,at,2,r2trat,htnk,4,450,7200,7200,0,2700,0,3
at.L2.r2saat-htnk.r4,at,2,r2saat,htnk,4,375,4500,4500,0,1455,0,3
at.L2.r2toophan-htnk.r4,at,2,r2toophan,htnk,4,400,4500,4500,0,1118,0,2
at.L2.r2yrpg-htnk.r4,at,2,r2yrpg,htnk,4,425,4500,4500,1100,0,5,0
at.L2.shk-htnk.r5,at,2,shk,htnk,5,350,4500,4500,1960,0,5,0
at.L2.r2cnportable-htnk.r5,at,2,r2cnportable,htnk,5,475,7200,7200,0,2638,0,4
at.L2.r2trat-htnk.r5,at,2,r2trat,htnk,5,450,7200,7200,0,3174,0,4
at.L2.r2saat-htnk.r5,at,2,r2saat,htnk,5,400,4500,4500,0,1458,0,2
at.L2.r2toophan-htnk.r5,at,2,r2toophan,htnk,5,425,4500,4500,0,1442,0,2
at.L2.r2yrpg-htnk.r5,at,2,r2yrpg,htnk,5,400,4500,4500,0,735,0,1
at.L2.shk-htnk.r6,at,2,shk,htnk,6,400,4500,4500,1026,0,3,0
at.L2.r2cnportable-htnk.r6,at,2,r2cnportable,htnk,6,450,7200,7200,0,2668,0,4
at.L2.r2trat-htnk.r6,at,2,r2trat,htnk,6,500,7200,7200,0,2449,0,4
at.L2.r2saat-htnk.r6,at,2,r2saat,htnk,6,500,4500,4500,0,308,0,1
at.L2.r2toophan-htnk.r6,at,2,r2toophan,htnk,6,425,4500,4500,0,1149,0,2
at.L2.r2yrpg-htnk.r6,at,2,r2yrpg,htnk,6,475,4500,4500,500,0,3,0
at.L2.shk-htnk.r7,at,2,shk,htnk,7,350,4500,4500,1968,0,5,0
at.L2.r2cnportable-htnk.r7,at,2,r2cnportable,htnk,7,475,7200,7200,0,2700,0,3
at.L2.r2trat-htnk.r7,at,2,r2trat,htnk,7,475,7200,7200,0,2748,0,4
at.L2.r2saat-htnk.r7,at,2,r2saat,htnk,7,350,4500,4500,0,2092,0,3
at.L2.r2toophan-htnk.r7,at,2,r2toophan,htnk,7,425,4500,4500,0,1442,0,2
at.L2.r2yrpg-htnk.r7,at,2,r2yrpg,htnk,7,400,4500,4500,0,978,0,2
ref.L0.e1-e2.r0,ref,0,e1,e2,0,700,4400,4400,0,2261,0,25
ref.L0.mtnk-htnk.r0,ref,0,mtnk,htnk,0,825,6300,6300,0,315,0,1
ref.L0.e1-e2.r1,ref,0,e1,e2,1,700,4400,4400,0,2086,0,24
ref.L0.mtnk-htnk.r1,ref,0,mtnk,htnk,1,900,6300,6300,0,0,0,0
ref.L0.e1-e2.r2,ref,0,e1,e2,2,700,4400,4400,0,2480,0,26
ref.L0.mtnk-htnk.r2,ref,0,mtnk,htnk,2,900,6300,6300,0,168,0,1
ref.L0.e1-e2.r3,ref,0,e1,e2,3,700,4400,4400,0,2198,0,24
ref.L0.mtnk-htnk.r3,ref,0,mtnk,htnk,3,725,6300,6300,0,483,0,2
ref.L0.e1-e2.r4,ref,0,e1,e2,4,725,4400,4400,0,2053,0,22
ref.L0.mtnk-htnk.r4,ref,0,mtnk,htnk,4,725,6300,6300,767,0,2,0
ref.L0.e1-e2.r5,ref,0,e1,e2,5,700,4400,4400,0,2102,0,25
ref.L0.mtnk-htnk.r5,ref,0,mtnk,htnk,5,725,6300,6300,837,0,3,0
ref.L0.e1-e2.r6,ref,0,e1,e2,6,725,4400,4400,0,2151,0,24
ref.L0.mtnk-htnk.r6,ref,0,mtnk,htnk,6,900,6300,6300,0,22,0,1
ref.L0.e1-e2.r7,ref,0,e1,e2,7,700,4400,4400,0,2174,0,23
ref.L0.mtnk-htnk.r7,ref,0,mtnk,htnk,7,675,6300,6300,0,1090,0,3
ref.L2.e1-e2.r0,ref,2,e1,e2,0,400,4400,4400,0,3564,0,37
ref.L2.mtnk-htnk.r0,ref,2,mtnk,htnk,0,475,6300,6300,0,606,0,2
ref.L2.e1-e2.r1,ref,2,e1,e2,1,400,4400,4400,0,3786,0,38
ref.L2.mtnk-htnk.r1,ref,2,mtnk,htnk,1,400,6300,6300,0,1268,0,3
ref.L2.e1-e2.r2,ref,2,e1,e2,2,400,4400,4400,0,3603,0,37
ref.L2.mtnk-htnk.r2,ref,2,mtnk,htnk,2,450,6300,6300,952,0,3,0
ref.L2.e1-e2.r3,ref,2,e1,e2,3,425,4400,4400,0,3751,0,39
ref.L2.mtnk-htnk.r3,ref,2,mtnk,htnk,3,475,6300,6300,0,780,0,1
ref.L2.e1-e2.r4,ref,2,e1,e2,4,425,4400,4400,0,3555,0,36
ref.L2.mtnk-htnk.r4,ref,2,mtnk,htnk,4,450,6300,6300,0,845,0,2
ref.L2.e1-e2.r5,ref,2,e1,e2,5,400,4400,4400,0,3649,0,39
ref.L2.mtnk-htnk.r5,ref,2,mtnk,htnk,5,475,6300,6300,0,726,0,2
ref.L2.e1-e2.r6,ref,2,e1,e2,6,425,4400,4400,0,3388,0,36
ref.L2.mtnk-htnk.r6,ref,2,mtnk,htnk,6,500,6300,6300,814,0,2,0
ref.L2.e1-e2.r7,ref,2,e1,e2,7,400,4400,4400,0,3823,0,39
ref.L2.mtnk-htnk.r7,ref,2,mtnk,htnk,7,575,6300,6300,317,0,1,0
air.L0.fv-jumpjet.r0,air,0,fv,jumpjet,0,525,4200,4200,0,1094,0,3
air.L0.htk-jumpjet.r0,air,0,htk,jumpjet,0,250,6000,6000,5361,0,11,0
air.L0.flakt-jumpjet.r0,air,0,flakt,jumpjet,0,2250,4800,4800,2133,600,9,1
air.L0.r2mantis-jumpjet.r0,air,0,r2mantis,jumpjet,0,375,6650,6600,0,6600,0,11
air.L0.r2raad-jumpjet.r0,air,0,r2raad,jumpjet,0,375,6000,6000,0,6000,0,10
air.L0.r2gokkalkan-jumpjet.r0,air,0,r2gokkalkan,jumpjet,0,375,6650,6600,0,6600,0,11
air.L0.r2sads-jumpjet.r0,air,0,r2sads,jumpjet,0,350,4200,4200,0,4200,0,7
air.L0.r2yzu-jumpjet.r0,air,0,r2yzu,jumpjet,0,2250,4200,4200,1200,4200,2,7
air.L0.fv-orca.r0,air,0,fv,orca,0,2250,4800,4800,4800,4752,8,4
air.L0.htk-orca.r0,air,0,htk,orca,0,2250,6000,6000,5961,1560,12,2
air.L0.flakt-orca.r0,air,0,flakt,orca,0,2250,4800,4800,4800,3896,16,4
air.L0.r2mantis-orca.r0,air,0,r2mantis,orca,0,2250,4750,4800,4750,4800,5,4
air.L0.r2raad-orca.r0,air,0,r2raad,orca,0,2250,6000,6000,6000,6000,6,5
air.L0.r2gokkalkan-orca.r0,air,0,r2gokkalkan,orca,0,2250,4750,4800,4750,4800,5,4
air.L0.r2sads-orca.r0,air,0,r2sads,orca,0,2250,8400,8400,8400,8400,8,7
air.L0.r2yzu-orca.r0,air,0,r2yzu,orca,0,2250,4800,4800,4800,4800,8,4
air.L0.fv-jumpjet.r1,air,0,fv,jumpjet,1,600,4200,4200,0,240,0,2
air.L0.htk-jumpjet.r1,air,0,htk,jumpjet,1,250,6000,6000,5305,0,11,0
air.L0.flakt-jumpjet.r1,air,0,flakt,jumpjet,1,2250,4800,4800,1692,600,7,1
air.L0.r2mantis-jumpjet.r1,air,0,r2mantis,jumpjet,1,375,6650,6600,0,6600,0,11
air.L0.r2raad-jumpjet.r1,air,0,r2raad,jumpjet,1,375,6000,6000,0,6000,0,10
air.L0.r2gokkalkan-jumpjet.r1,air,0,r2gokkalkan,jumpjet,1,350,6650,6600,0,6600,0,11
air.L0.r2sads-jumpjet.r1,air,0,r2sads,jumpjet,1,350,4200,4200,0,4200,0,7
air.L0.r2yzu-jumpjet.r1,air,0,r2yzu,jumpjet,1,2250,4200,4200,1200,4200,2,7
air.L0.fv-orca.r1,air,0,fv,orca,1,2250,4800,4800,4800,4800,8,4
air.L0.htk-orca.r1,air,0,htk,orca,1,2250,6000,6000,6000,1200,12,1
air.L0.flakt-orca.r1,air,0,flakt,orca,1,2250,4800,4800,4800,3600,16,3
air.L0.r2mantis-orca.r1,air,0,r2mantis,orca,1,2250,4750,4800,4750,4800,5,4
air.L0.r2raad-orca.r1,air,0,r2raad,orca,1,2250,6000,6000,6000,6000,6,5
air.L0.r2gokkalkan-orca.r1,air,0,r2gokkalkan,orca,1,2250,4750,4800,4750,4800,5,4
air.L0.r2sads-orca.r1,air,0,r2sads,orca,1,2250,8400,8400,8400,8400,8,7
air.L0.r2yzu-orca.r1,air,0,r2yzu,orca,1,2250,4800,4800,4800,4800,8,4
air.L0.fv-jumpjet.r2,air,0,fv,jumpjet,2,550,4200,4200,0,408,0,2
air.L0.htk-jumpjet.r2,air,0,htk,jumpjet,2,250,6000,6000,5305,0,11,0
air.L0.flakt-jumpjet.r2,air,0,flakt,jumpjet,2,2250,4800,4800,990,1200,4,2
air.L0.r2mantis-jumpjet.r2,air,0,r2mantis,jumpjet,2,375,6650,6600,0,6600,0,11
air.L0.r2raad-jumpjet.r2,air,0,r2raad,jumpjet,2,375,6000,6000,0,6000,0,10
air.L0.r2gokkalkan-jumpjet.r2,air,0,r2gokkalkan,jumpjet,2,375,6650,6600,0,6600,0,11
air.L0.r2sads-jumpjet.r2,air,0,r2sads,jumpjet,2,350,4200,4200,0,4200,0,7
air.L0.r2yzu-jumpjet.r2,air,0,r2yzu,jumpjet,2,2250,4200,4200,1010,4200,2,7
air.L0.fv-orca.r2,air,0,fv,orca,2,2250,4800,4800,4800,4752,8,4
air.L0.htk-orca.r2,air,0,htk,orca,2,2250,6000,6000,5994,1200,12,1
air.L0.flakt-orca.r2,air,0,flakt,orca,2,2250,4800,4800,4800,3784,16,4
air.L0.r2mantis-orca.r2,air,0,r2mantis,orca,2,2250,4750,4800,4750,4800,5,4
air.L0.r2raad-orca.r2,air,0,r2raad,orca,2,2250,6000,6000,6000,6000,6,5
air.L0.r2gokkalkan-orca.r2,air,0,r2gokkalkan,orca,2,2250,4750,4800,4750,4800,5,4
air.L0.r2sads-orca.r2,air,0,r2sads,orca,2,2250,8400,8400,8400,8400,8,7
air.L0.r2yzu-orca.r2,air,0,r2yzu,orca,2,2250,4800,4800,4800,4800,8,4
air.L0.fv-jumpjet.r3,air,0,fv,jumpjet,3,550,4200,4200,300,0,2,0
air.L0.htk-jumpjet.r3,air,0,htk,jumpjet,3,250,6000,6000,5277,0,11,0
air.L0.flakt-jumpjet.r3,air,0,flakt,jumpjet,3,2250,4800,4800,1077,1200,5,2
air.L0.r2mantis-jumpjet.r3,air,0,r2mantis,jumpjet,3,375,6650,6600,0,6600,0,11
air.L0.r2raad-jumpjet.r3,air,0,r2raad,jumpjet,3,400,6000,6000,0,6000,0,10
air.L0.r2gokkalkan-jumpjet.r3,air,0,r2gokkalkan,jumpjet,3,375,6650,6600,0,6600,0,11
air.L0.r2sads-jumpjet.r3,air,0,r2sads,jumpjet,3,350,4200,4200,0,4200,0,7
air.L0.r2yzu-jumpjet.r3,air,0,r2yzu,jumpjet,3,2250,4200,4200,1200,4200,2,7
air.L0.fv-orca.r3,air,0,fv,orca,3,2250,4800,4800,4800,4800,8,4
air.L0.htk-orca.r3,air,0,htk,orca,3,2250,6000,6000,5994,1200,12,1
air.L0.flakt-orca.r3,air,0,flakt,orca,3,2250,4800,4800,4800,3600,16,3
air.L0.r2mantis-orca.r3,air,0,r2mantis,orca,3,2250,4750,4800,4750,4800,5,4
air.L0.r2raad-orca.r3,air,0,r2raad,orca,3,2250,6000,6000,6000,6000,6,5
air.L0.r2gokkalkan-orca.r3,air,0,r2gokkalkan,orca,3,2250,4750,4800,4750,4800,5,4
air.L0.r2sads-orca.r3,air,0,r2sads,orca,3,2250,8400,8400,8400,8400,8,7
air.L0.r2yzu-orca.r3,air,0,r2yzu,orca,3,2250,4800,4800,4800,4800,8,4
air.L0.fv-jumpjet.r4,air,0,fv,jumpjet,4,550,4200,4200,570,0,2,0
air.L0.htk-jumpjet.r4,air,0,htk,jumpjet,4,250,6000,6000,5277,0,11,0
air.L0.flakt-jumpjet.r4,air,0,flakt,jumpjet,4,2250,4800,4800,1911,600,7,1
air.L0.r2mantis-jumpjet.r4,air,0,r2mantis,jumpjet,4,375,6650,6600,0,6600,0,11
air.L0.r2raad-jumpjet.r4,air,0,r2raad,jumpjet,4,375,6000,6000,0,6000,0,10
air.L0.r2gokkalkan-jumpjet.r4,air,0,r2gokkalkan,jumpjet,4,375,6650,6600,0,6600,0,11
air.L0.r2sads-jumpjet.r4,air,0,r2sads,jumpjet,4,350,4200,4200,0,4200,0,7
air.L0.r2yzu-jumpjet.r4,air,0,r2yzu,jumpjet,4,2250,4200,4200,1010,4200,2,7
air.L0.fv-orca.r4,air,0,fv,orca,4,2250,4800,4800,4800,4784,8,4
air.L0.htk-orca.r4,air,0,htk,orca,4,2250,6000,6000,6000,2400,12,2
air.L0.flakt-orca.r4,air,0,flakt,orca,4,2250,4800,4800,4800,3840,16,4
air.L0.r2mantis-orca.r4,air,0,r2mantis,orca,4,2250,4750,4800,4750,4800,5,4
air.L0.r2raad-orca.r4,air,0,r2raad,orca,4,2250,6000,6000,6000,6000,6,5
air.L0.r2gokkalkan-orca.r4,air,0,r2gokkalkan,orca,4,2250,4750,4800,4750,4800,5,4
air.L0.r2sads-orca.r4,air,0,r2sads,orca,4,2250,8400,8400,8400,8400,8,7
air.L0.r2yzu-orca.r4,air,0,r2yzu,orca,4,2250,4800,4800,4800,4800,8,4
air.L0.fv-jumpjet.r5,air,0,fv,jumpjet,5,475,4200,4200,0,974,0,4
air.L0.htk-jumpjet.r5,air,0,htk,jumpjet,5,250,6000,6000,5305,0,11,0
air.L0.flakt-jumpjet.r5,air,0,flakt,jumpjet,5,2250,4800,4800,2112,600,8,1
air.L0.r2mantis-jumpjet.r5,air,0,r2mantis,jumpjet,5,350,6650,6600,0,6600,0,11
air.L0.r2raad-jumpjet.r5,air,0,r2raad,jumpjet,5,400,6000,6000,0,6000,0,10
air.L0.r2gokkalkan-jumpjet.r5,air,0,r2gokkalkan,jumpjet,5,350,6650,6600,0,6600,0,11
air.L0.r2sads-jumpjet.r5,air,0,r2sads,jumpjet,5,350,4200,4200,0,4200,0,7
air.L0.r2yzu-jumpjet.r5,air,0,r2yzu,jumpjet,5,2250,4200,4200,868,3600,2,6
air.L0.fv-orca.r5,air,0,fv,orca,5,2250,4800,4800,4800,4800,8,4
air.L0.htk-orca.r5,air,0,htk,orca,5,2250,6000,6000,5922,1200,12,1
air.L0.flakt-orca.r5,air,0,flakt,orca,5,2250,4800,4800,4800,3600,16,3
air.L0.r2mantis-orca.r5,air,0,r2mantis,orca,5,2250,4750,4800,4750,4800,5,4
air.L0.r2raad-orca.r5,air,0,r2raad,orca,5,2250,6000,6000,6000,6000,6,5
air.L0.r2gokkalkan-orca.r5,air,0,r2gokkalkan,orca,5,2250,4750,4800,4750,4800,5,4
air.L0.r2sads-orca.r5,air,0,r2sads,orca,5,2250,8400,8400,8400,8400,8,7
air.L0.r2yzu-orca.r5,air,0,r2yzu,orca,5,2250,4800,4800,4800,4800,8,4
air.L0.fv-jumpjet.r6,air,0,fv,jumpjet,6,550,4200,4200,0,768,0,2
air.L0.htk-jumpjet.r6,air,0,htk,jumpjet,6,250,6000,6000,5277,0,11,0
air.L0.flakt-jumpjet.r6,air,0,flakt,jumpjet,6,2250,4800,4800,1935,600,7,1
air.L0.r2mantis-jumpjet.r6,air,0,r2mantis,jumpjet,6,375,6650,6600,0,6600,0,11
air.L0.r2raad-jumpjet.r6,air,0,r2raad,jumpjet,6,375,6000,6000,0,6000,0,10
air.L0.r2gokkalkan-jumpjet.r6,air,0,r2gokkalkan,jumpjet,6,350,6650,6600,0,6600,0,11
air.L0.r2sads-jumpjet.r6,air,0,r2sads,jumpjet,6,350,4200,4200,0,4200,0,7
air.L0.r2yzu-jumpjet.r6,air,0,r2yzu,jumpjet,6,2250,4200,4200,1010,4200,2,7
air.L0.fv-orca.r6,air,0,fv,orca,6,2250,4800,4800,4800,4800,8,4
air.L0.htk-orca.r6,air,0,htk,orca,6,2250,6000,6000,5961,2120,12,2
air.L0.flakt-orca.r6,air,0,flakt,orca,6,2250,4800,4800,4800,3888,16,4
air.L0.r2mantis-orca.r6,air,0,r2mantis,orca,6,2250,4750,4800,4750,4800,5,4
air.L0.r2raad-orca.r6,air,0,r2raad,orca,6,2250,6000,6000,6000,6000,6,5
air.L0.r2gokkalkan-orca.r6,air,0,r2gokkalkan,orca,6,2250,4750,4800,4750,4800,5,4
air.L0.r2sads-orca.r6,air,0,r2sads,orca,6,2250,8400,8400,8400,8400,8,7
air.L0.r2yzu-orca.r6,air,0,r2yzu,orca,6,2250,4800,4800,4800,4800,8,4
air.L0.fv-jumpjet.r7,air,0,fv,jumpjet,7,600,4200,4200,15,0,1,0
air.L0.htk-jumpjet.r7,air,0,htk,jumpjet,7,250,6000,6000,5277,0,11,0
air.L0.flakt-jumpjet.r7,air,0,flakt,jumpjet,7,2250,4800,4800,2067,600,8,1
air.L0.r2mantis-jumpjet.r7,air,0,r2mantis,jumpjet,7,375,6650,6600,0,6600,0,11
air.L0.r2raad-jumpjet.r7,air,0,r2raad,jumpjet,7,375,6000,6000,0,6000,0,10
air.L0.r2gokkalkan-jumpjet.r7,air,0,r2gokkalkan,jumpjet,7,375,6650,6600,0,6600,0,11
air.L0.r2sads-jumpjet.r7,air,0,r2sads,jumpjet,7,350,4200,4200,0,4200,0,7
air.L0.r2yzu-jumpjet.r7,air,0,r2yzu,jumpjet,7,2250,4200,4200,1010,4200,2,7
air.L0.fv-orca.r7,air,0,fv,orca,7,2250,4800,4800,4800,4800,8,4
air.L0.htk-orca.r7,air,0,htk,orca,7,2250,6000,6000,6000,1200,12,1
air.L0.flakt-orca.r7,air,0,flakt,orca,7,2250,4800,4800,4800,3600,16,3
air.L0.r2mantis-orca.r7,air,0,r2mantis,orca,7,2250,4750,4800,4750,4800,5,4
air.L0.r2raad-orca.r7,air,0,r2raad,orca,7,2250,6000,6000,6000,6000,6,5
air.L0.r2gokkalkan-orca.r7,air,0,r2gokkalkan,orca,7,2250,4750,4800,4750,4800,5,4
air.L0.r2sads-orca.r7,air,0,r2sads,orca,7,2250,8400,8400,8400,8400,8,7
air.L0.r2yzu-orca.r7,air,0,r2yzu,orca,7,2250,4800,4800,4800,4800,8,4
air.L2.fv-jumpjet.r0,air,2,fv,jumpjet,0,325,4200,4200,822,0,2,0
air.L2.htk-jumpjet.r0,air,2,htk,jumpjet,0,200,6000,6000,4850,0,10,0
air.L2.flakt-jumpjet.r0,air,2,flakt,jumpjet,0,375,4800,4800,0,1483,0,3
air.L2.r2mantis-jumpjet.r0,air,2,r2mantis,jumpjet,0,225,6650,6600,0,6600,0,11
air.L2.r2raad-jumpjet.r0,air,2,r2raad,jumpjet,0,225,6000,6000,0,6000,0,10
air.L2.r2gokkalkan-jumpjet.r0,air,2,r2gokkalkan,jumpjet,0,225,6650,6600,0,6600,0,11
air.L2.r2sads-jumpjet.r0,air,2,r2sads,jumpjet,0,225,4200,4200,0,4200,0,7
air.L2.r2yzu-jumpjet.r0,air,2,r2yzu,jumpjet,0,350,4200,4200,0,4200,0,7
air.L2.fv-orca.r0,air,2,fv,orca,0,2250,4800,4800,4800,4800,8,4
air.L2.htk-orca.r0,air,2,htk,orca,0,2250,6000,6000,6000,2400,12,2
air.L2.flakt-orca.r0,air,2,flakt,orca,0,2250,4800,4800,4800,4776,16,4
air.L2.r2mantis-orca.r0,air,2,r2mantis,orca,0,2250,4750,4800,4750,4800,5,4
air.L2.r2raad-orca.r0,air,2,r2raad,orca,0,2250,6000,6000,6000,6000,6,5
air.L2.r2gokkalkan-orca.r0,air,2,r2gokkalkan,orca,0,2250,4750,4800,4750,4800,5,4
air.L2.r2sads-orca.r0,air,2,r2sads,orca,0,2250,8400,8400,8400,8400,8,7
air.L2.r2yzu-orca.r0,air,2,r2yzu,orca,0,2250,4800,4800,4800,4800,8,4
air.L2.fv-jumpjet.r1,air,2,fv,jumpjet,1,325,4200,4200,906,0,2,0
air.L2.htk-jumpjet.r1,air,2,htk,jumpjet,1,200,6000,6000,5025,0,11,0
air.L2.flakt-jumpjet.r1,air,2,flakt,jumpjet,1,350,4800,4800,0,1785,0,4
air.L2.r2mantis-jumpjet.r1,air,2,r2mantis,jumpjet,1,225,6650,6600,0,6600,0,11
air.L2.r2raad-jumpjet.r1,air,2,r2raad,jumpjet,1,225,6000,6000,0,6000,0,10
air.L2.r2gokkalkan-jumpjet.r1,air,2,r2gokkalkan,jumpjet,1,250,6650,6600,0,6600,0,11
air.L2.r2sads-jumpjet.r1,air,2,r2sads,jumpjet,1,225,4200,4200,0,4200,0,7
air.L2.r2yzu-jumpjet.r1,air,2,r2yzu,jumpjet,1,2250,4200,4200,600,4200,1,7
air.L2.fv-orca.r1,air,2,fv,orca,1,2250,4800,4800,4800,4800,8,4
air.L2.htk-orca.r1,air,2,htk,orca,1,2250,6000,6000,6000,2400,12,2
air.L2.flakt-orca.r1,air,2,flakt,orca,1,2250,4800,4800,4800,4800,16,4
air.L2.r2mantis-orca.r1,air,2,r2mantis,orca,1,2250,4750,4800,4750,4800,5,4
air.L2.r2raad-orca.r1,air,2,r2raad,orca,1,2250,6000,6000,6000,6000,6,5
air.L2.r2gokkalkan-orca.r1,air,2,r2gokkalkan,orca,1,2250,4750,4800,4750,4800,5,4
air.L2.r2sads-orca.r1,air,2,r2sads,orca,1,2250,8400,8400,8400,8400,8,7
air.L2.r2yzu-orca.r1,air,2,r2yzu,orca,1,2250,4800,4800,4800,4800,8,4
air.L2.fv-jumpjet.r2,air,2,fv,jumpjet,2,275,4200,4200,1350,0,4,0
air.L2.htk-jumpjet.r2,air,2,htk,jumpjet,2,200,6000,6000,4975,0,10,0
air.L2.flakt-jumpjet.r2,air,2,flakt,jumpjet,2,325,4800,4800,0,1924,0,4
air.L2.r2mantis-jumpjet.r2,air,2,r2mantis,jumpjet,2,225,6650,6600,0,6600,0,11
air.L2.r2raad-jumpjet.r2,air,2,r2raad,jumpjet,2,250,6000,6000,0,6000,0,10
air.L2.r2gokkalkan-jumpjet.r2,air,2,r2gokkalkan,jumpjet,2,225,6650,6600,0,6600,0,11
air.L2.r2sads-jumpjet.r2,air,2,r2sads,jumpjet,2,225,4200,4200,0,4200,0,7
air.L2.r2yzu-jumpjet.r2,air,2,r2yzu,jumpjet,2,2250,4200,4200,113,3600,1,6
air.L2.fv-orca.r2,air,2,fv,orca,2,2250,4800,4800,4800,4800,8,4
air.L2.htk-orca.r2,air,2,htk,orca,2,2250,6000,6000,6000,2400,12,2
air.L2.flakt-orca.r2,air,2,flakt,orca,2,2250,4800,4800,4800,4768,16,4
air.L2.r2mantis-orca.r2,air,2,r2mantis,orca,2,2250,4750,4800,4750,4800,5,4
air.L2.r2raad-orca.r2,air,2,r2raad,orca,2,2250,6000,6000,6000,6000,6,5
air.L2.r2gokkalkan-orca.r2,air,2,r2gokkalkan,orca,2,2250,4750,4800,4750,4800,5,4
air.L2.r2sads-orca.r2,air,2,r2sads,orca,2,2250,8400,8400,8400,8400,8,7
air.L2.r2yzu-orca.r2,air,2,r2yzu,orca,2,2250,4800,4800,4800,4800,8,4
air.L2.fv-jumpjet.r3,air,2,fv,jumpjet,3,275,4200,4200,780,0,2,0
air.L2.htk-jumpjet.r3,air,2,htk,jumpjet,3,200,6000,6000,5000,0,10,0
air.L2.flakt-jumpjet.r3,air,2,flakt,jumpjet,3,350,4800,4800,0,1377,0,3
air.L2.r2mantis-jumpjet.r3,air,2,r2mantis,jumpjet,3,225,6650,6600,0,6600,0,11
air.L2.r2raad-jumpjet.r3,air,2,r2raad,jumpjet,3,225,6000,6000,0,6000,0,10
air.L2.r2gokkalkan-jumpjet.r3,air,2,r2gokkalkan,jumpjet,3,250,6650,6600,0,6600,0,11
air.L2.r2sads-jumpjet.r3,air,2,r2sads,jumpjet,3,225,4200,4200,0,4200,0,7
air.L2.r2yzu-jumpjet.r3,air,2,r2yzu,jumpjet,3,2250,4200,4200,202,3600,1,6
air.L2.fv-orca.r3,air,2,fv,orca,3,2250,4800,4800,4800,4800,8,4
air.L2.htk-orca.r3,air,2,htk,orca,3,2250,6000,6000,5997,2400,12,2
air.L2.flakt-orca.r3,air,2,flakt,orca,3,2250,4800,4800,4800,4800,16,4
air.L2.r2mantis-orca.r3,air,2,r2mantis,orca,3,2250,4750,4800,4750,4800,5,4
air.L2.r2raad-orca.r3,air,2,r2raad,orca,3,2250,6000,6000,6000,6000,6,5
air.L2.r2gokkalkan-orca.r3,air,2,r2gokkalkan,orca,3,2250,4750,4800,4750,4800,5,4
air.L2.r2sads-orca.r3,air,2,r2sads,orca,3,2250,8400,8400,8400,8400,8,7
air.L2.r2yzu-orca.r3,air,2,r2yzu,orca,3,2250,4800,4800,4800,4800,8,4
air.L2.fv-jumpjet.r4,air,2,fv,jumpjet,4,250,4200,4200,1518,0,4,0
air.L2.htk-jumpjet.r4,air,2,htk,jumpjet,4,200,6000,6000,5025,0,11,0
air.L2.flakt-jumpjet.r4,air,2,flakt,jumpjet,4,350,4800,4800,0,1694,0,3
air.L2.r2mantis-jumpjet.r4,air,2,r2mantis,jumpjet,4,250,6650,6600,0,6600,0,11
air.L2.r2raad-jumpjet.r4,air,2,r2raad,jumpjet,4,250,6000,6000,0,6000,0,10
air.L2.r2gokkalkan-jumpjet.r4,air,2,r2gokkalkan,jumpjet,4,250,6650,6600,0,6600,0,11
air.L2.r2sads-jumpjet.r4,air,2,r2sads,jumpjet,4,225,4200,4200,0,4200,0,7
air.L2.r2yzu-jumpjet.r4,air,2,r2yzu,jumpjet,4,375,4200,4200,0,3816,0,7
air.L2.fv-orca.r4,air,2,fv,orca,4,2250,4800,4800,4800,4800,8,4
air.L2.htk-orca.r4,air,2,htk,orca,4,2250,6000,6000,6000,2400,12,2
air.L2.flakt-orca.r4,air,2,flakt,orca,4,2250,4800,4800,4800,4768,16,4
air.L2.r2mantis-orca.r4,air,2,r2mantis,orca,4,2250,4750,4800,4750,4800,5,4
air.L2.r2raad-orca.r4,air,2,r2raad,orca,4,2250,6000,6000,6000,6000,6,5
air.L2.r2gokkalkan-orca.r4,air,2,r2gokkalkan,orca,4,2250,4750,4800,4750,4800,5,4
air.L2.r2sads-orca.r4,air,2,r2sads,orca,4,2250,8400,8400,8400,8400,8,7
air.L2.r2yzu-orca.r4,air,2,r2yzu,orca,4,2250,4800,4800,4800,4800,8,4
air.L2.fv-jumpjet.r5,air,2,fv,jumpjet,5,325,4200,4200,1032,0,2,0
air.L2.htk-jumpjet.r5,air,2,htk,jumpjet,5,200,6000,6000,4925,0,10,0
air.L2.flakt-jumpjet.r5,air,2,flakt,jumpjet,5,350,4800,4800,0,1800,0,3
air.L2.r2mantis-jumpjet.r5,air,2,r2mantis,jumpjet,5,225,6650,6600,0,6600,0,11
air.L2.r2raad-jumpjet.r5,air,2,r2raad,jumpjet,5,225,6000,6000,0,6000,0,10
air.L2.r2gokkalkan-jumpjet.r5,air,2,r2gokkalkan,jumpjet,5,250,6650,6600,0,6600,0,11
air.L2.r2sads-jumpjet.r5,air,2,r2sads,jumpjet,5,225,4200,4200,0,4200,0,7
air.L2.r2yzu-jumpjet.r5,air,2,r2yzu,jumpjet,5,2250,4200,4200,113,3600,1,6
air.L2.fv-orca.r5,air,2,fv,orca,5,2250,4800,4800,4800,4800,8,4
air.L2.htk-orca.r5,air,2,htk,orca,5,2250,6000,6000,6000,2400,12,2
air.L2.flakt-orca.r5,air,2,flakt,orca,5,2250,4800,4800,4800,4800,16,4
air.L2.r2mantis-orca.r5,air,2,r2mantis,orca,5,2250,4750,4800,4750,4800,5,4
air.L2.r2raad-orca.r5,air,2,r2raad,orca,5,2250,6000,6000,6000,6000,6,5
air.L2.r2gokkalkan-orca.r5,air,2,r2gokkalkan,orca,5,2250,4750,4800,4750,4800,5,4
air.L2.r2sads-orca.r5,air,2,r2sads,orca,5,2250,8400,8400,8400,8400,8,7
air.L2.r2yzu-orca.r5,air,2,r2yzu,orca,5,2250,4800,4800,4800,4800,8,4
air.L2.fv-jumpjet.r6,air,2,fv,jumpjet,6,275,4200,4200,1158,0,2,0
air.L2.htk-jumpjet.r6,air,2,htk,jumpjet,6,200,6000,6000,5000,0,10,0
air.L2.flakt-jumpjet.r6,air,2,flakt,jumpjet,6,375,4800,4800,0,1200,0,2
air.L2.r2mantis-jumpjet.r6,air,2,r2mantis,jumpjet,6,225,6650,6600,0,6600,0,11
air.L2.r2raad-jumpjet.r6,air,2,r2raad,jumpjet,6,225,6000,6000,0,6000,0,10
air.L2.r2gokkalkan-jumpjet.r6,air,2,r2gokkalkan,jumpjet,6,225,6650,6600,0,6600,0,11
air.L2.r2sads-jumpjet.r6,air,2,r2sads,jumpjet,6,225,4200,4200,0,4200,0,7
air.L2.r2yzu-jumpjet.r6,air,2,r2yzu,jumpjet,6,350,4200,4200,0,3816,0,7
air.L2.fv-orca.r6,air,2,fv,orca,6,2250,4800,4800,4800,4800,8,4
air.L2.htk-orca.r6,air,2,htk,orca,6,2250,6000,6000,6000,2400,12,2
air.L2.flakt-orca.r6,air,2,flakt,orca,6,2250,4800,4800,4800,4736,16,4
air.L2.r2mantis-orca.r6,air,2,r2mantis,orca,6,2250,4750,4800,4750,4800,5,4
air.L2.r2raad-orca.r6,air,2,r2raad,orca,6,2250,6000,6000,6000,6000,6,5
air.L2.r2gokkalkan-orca.r6,air,2,r2gokkalkan,orca,6,2250,4750,4800,4750,4800,5,4
air.L2.r2sads-orca.r6,air,2,r2sads,orca,6,2250,8400,8400,8400,8400,8,7
air.L2.r2yzu-orca.r6,air,2,r2yzu,orca,6,2250,4800,4800,4800,4800,8,4
air.L2.fv-jumpjet.r7,air,2,fv,jumpjet,7,275,4200,4200,1338,0,3,0
air.L2.htk-jumpjet.r7,air,2,htk,jumpjet,7,200,6000,6000,4950,0,10,0
air.L2.flakt-jumpjet.r7,air,2,flakt,jumpjet,7,325,4800,4800,0,1819,0,4
air.L2.r2mantis-jumpjet.r7,air,2,r2mantis,jumpjet,7,225,6650,6600,0,6600,0,11
air.L2.r2raad-jumpjet.r7,air,2,r2raad,jumpjet,7,225,6000,6000,0,6000,0,10
air.L2.r2gokkalkan-jumpjet.r7,air,2,r2gokkalkan,jumpjet,7,250,6650,6600,0,6600,0,11
air.L2.r2sads-jumpjet.r7,air,2,r2sads,jumpjet,7,225,4200,4200,0,4200,0,7
air.L2.r2yzu-jumpjet.r7,air,2,r2yzu,jumpjet,7,2250,4200,4200,202,3600,1,6
air.L2.fv-orca.r7,air,2,fv,orca,7,2250,4800,4800,4800,4800,8,4
air.L2.htk-orca.r7,air,2,htk,orca,7,2250,6000,6000,6000,2400,12,2
air.L2.flakt-orca.r7,air,2,flakt,orca,7,2250,4800,4800,4800,4800,16,4
air.L2.r2mantis-orca.r7,air,2,r2mantis,orca,7,2250,4750,4800,4750,4800,5,4
air.L2.r2raad-orca.r7,air,2,r2raad,orca,7,2250,6000,6000,6000,6000,6,5
air.L2.r2gokkalkan-orca.r7,air,2,r2gokkalkan,orca,7,2250,4750,4800,4750,4800,5,4
air.L2.r2sads-orca.r7,air,2,r2sads,orca,7,2250,8400,8400,8400,8400,8,7
air.L2.r2yzu-orca.r7,air,2,r2yzu,orca,7,2250,4800,4800,4800,4800,8,4
