match,map,bot,replicate,faction_0,faction_1,spawn_0,spawn_1,status,result,winner,end_reason,end_tick,game_minutes,wall_seconds,engine_seed,units_0,unit_value_0,structures_0,destroyed_0,lost_0,production_0,units_1,unit_value_1,structures_1,destroyed_1,lost_1,production_1
sa.harbor-line.normal.hezbollah-saudi.r0,harbor-line,normal,0,hezbollah,saudi,1,2,complete,win,hezbollah,conquest,25608,17.07,39.9,-1114923752,57,24425,23,56030,24030,r2hzrifle:15 r2hzat:12 r2hztechnical:10 r2hzrecoilless:7 r2hzrail:6 r2hzfpv:5 r2hzescort:1 r2hzrockets:1,31,15080,18,22050,56030,r2sang:14 r2saat:10 r2m1a2s:3 r2caesar:2 dog:1 r2bradley:1
sa.harbor-line.normal.china-israel.r0,harbor-line,normal,0,china,israel,1,2,complete,win,china,conquest,28472,18.98,43.7,-1120059682,63,32170,27,50490,26980,r2cnrifle:26 r2cnportable:15 r2qilin:10 r2phl:4 r2cloud:2 r2mantis:2 r2crane:1 r2lynx:1 r2skyspear:1 r2zbd:1,21,13300,17,26980,50490,r2ilat:10 r2ilrifle:5 r2merkava:3 dog:1 r2ilhowitzer:1 r2namer:1
sa.twin-fords.normal.israel-iran.r0,twin-fords,normal,0,israel,iran,1,2,complete,win,iran,conquest,37267,24.84,54.6,-1124892386,52,39620,21,50650,83420,r2ilat:18 r2ilrifle:16 r2merkava:7 r2ilgunship:3 r2ilhowitzer:3 r2ilfalcon:2 dog:1 r2ilrecon:1 r2namer:1,201,69060,29,81420,48650,r2basij:114 r2toophan:45 r2karrar:16 r2fajr:7 r2raad:6 htk:3 r2loiter:3 dog:2 r2coast:2 r2toufan:2 r2dronecontrol:1
sa-hzil.twin-fords.normal.turkey-israel.r0,twin-fords,normal,0,turkey,israel,1,2,complete,win,israel,conquest,58083,38.72,81.3,-715614305,79,44400,32,68770,96760,r2trrifle:30 r2trat:18 r2bozkir:16 r2gokkalkan:5 r2yildirim:5 r2greywolf:2 dog:1 r2kuzgun:1 r2sahin:1,121,87840,35,99210,71220,r2ilrifle:47 r2ilat:29 r2merkava:18 r2ilhowitzer:8 r2ilgunship:4 r2ilfalcon:3 r2ilobserver:3 r2ilrecon:3 r2ilshield:3 r2namer:2 dog:1
sa.harbor-line.normal.saudi-iran.r0,harbor-line,normal,0,saudi,iran,1,2,complete,win,saudi,conquest,18352,12.23,31.2,-681723869,30,16060,17,29580,14830,r2sang:13 r2saat:8 r2m1a2s:4 r2caesar:2 dog:1 r2bradley:1 r2sads:1,24,8270,9,14830,29580,r2basij:13 r2toophan:5 r2karrar:3 htk:2 r2fajr:1
sa.harbor-line.normal.china-yemen.r0,harbor-line,normal,0,china,yemen,1,2,complete,win,china,conquest,12002,8.0,22.6,-578311238,40,17070,16,13725,5810,r2cnrifle:21 r2cnportable:8 r2qilin:6 r2phl:2 r2cloud:1 r2mantis:1 r2zbd:1,2,700,5,5810,13725,r2yrpg:2
sa.harbor-line.normal.yemen-china.r0,harbor-line,normal,0,yemen,china,1,2,complete,win,china,conquest,27397,18.26,42.6,-370718467,31,9930,13,21660,36375,r2ymr:12 r2yrpg:9 r2technical:4 htk:2 r2ytechrr:2 dog:1 r2ymlr:1,62,28550,22,35825,21110,r2cnrifle:30 r2cnportable:11 r2qilin:11 r2mantis:3 r2zbd:3 r2cloud:1 r2crane:1 r2phl:1 r2skyspear:1
sa-hzil.harbor-line.normal.israel-iran.r0,harbor-line,normal,0,israel,iran,1,2,complete,win,israel,conquest,15817,10.54,27.4,-352323058,26,13910,17,27110,9630,r2ilrifle:13 r2ilat:6 r2merkava:3 r2namer:2 dog:1 r2ilhowitzer:1,22,8280,9,9630,27110,r2basij:12 r2karrar:4 r2toophan:4 r2raad:2
sa-hzil.harbor-line.normal.yemen-israel.r0,harbor-line,normal,0,yemen,israel,1,2,complete,win,israel,conquest,13077,8.72,24.4,-77989327,7,1710,5,6610,17475,r2ymr:4 r2yrpg:3,16,9020,14,17475,6610,r2ilrifle:6 r2ilat:4 dog:2 r2merkava:2 r2ilhowitzer:1 r2namer:1
sa.twin-fords.normal.turkey-hezbollah.r0,twin-fords,normal,0,turkey,hezbollah,1,2,complete,win,hezbollah,conquest,43501,29.0,63.6,58703372,47,26640,21,37530,65210,r2trrifle:18 r2bozkir:11 r2trat:9 r2gokkalkan:4 r2yildirim:2 dog:1 r2sahin:1 r2turna:1,103,49200,31,65210,39120,r2hzrifle:22 r2hzat:19 r2hztechnical:15 r2hzrecoilless:12 r2hzrail:11 r2hzfpv:9 r2hzrockets:7 htk:3 r2hzscout:2 dog:1 r2hzdrone:1 r2hzescort:1
sa.twin-fords.normal.israel-saudi.r0,twin-fords,normal,0,israel,saudi,1,2,complete,win,saudi,conquest,49600,33.07,70.4,97922660,53,46990,31,44840,104030,r2ilat:17 r2ilrifle:12 r2ilhowitzer:6 r2ilfalcon:5 r2merkava:5 r2ilgunship:3 dog:2 r2ilrecon:1 r2ilshield:1 r2namer:1,114,69670,30,104030,44840,r2sang:46 r2saat:28 r2m1a2s:16 r2caesar:7 r2sads:7 r2bradley:3 dog:2 r2ah64sa:2 r2f15sa:1 r2falcon:1 r2sajtac:1
sa-hzil.twin-fords.normal.israel-iran.r0,twin-fords,normal,0,israel,iran,1,2,complete,win,iran,conquest,25249,16.83,39.2,167231882,18,10790,12,22920,38030,r2ilrifle:7 r2ilat:5 r2merkava:3 r2namer:2 dog:1,106,34020,26,38030,22920,r2basij:63 r2toophan:25 r2karrar:7 r2fajr:5 r2raad:3 dog:1 r2loiter:1 r2mohajer:1
sa.twin-fords.normal.china-hezbollah.r0,twin-fords,normal,0,china,hezbollah,1,2,complete,win,hezbollah,conquest,57974,38.65,80.7,559358270,99,49890,41,79500,125000,r2cnrifle:42 r2cnportable:25 r2qilin:12 r2phl:8 r2cloud:4 r2zbd:4 dog:1 r2cnnetwork:1 r2redspear:1 r2skyspear:1,156,78975,37,125975,85005,r2hzrifle:33 r2hzat:27 r2hztechnical:19 r2hzrecoilless:17 r2hzfpv:15 r2hzrail:13 r2hzescort:8 r2hzrockets:8 htk:6 r2hzscout:6 r2hzdrone:3 dog:1
sa.harbor-line.normal.israel-china.r0,harbor-line,normal,0,israel,china,1,2,complete,draw,,tick-cap,60001,40.0,83.4,693037780,78,50540,38,115620,78800,r2ilrifle:32 r2ilat:18 r2merkava:11 r2ilhowitzer:6 r2ilshield:6 dog:2 r2namer:2 r2ilrecon:1,117,51170,44,80800,117620,r2cnrifle:56 r2cnportable:23 r2qilin:18 r2zbd:11 r2phl:3 r2cloud:2 r2lynx:2 r2mantis:2
sa-hzil.harbor-line.normal.hezbollah-saudi.r0,harbor-line,normal,0,hezbollah,saudi,1,2,complete,win,saudi,conquest,40029,26.69,58.9,802176315,27,11200,14,47680,42860,r2hzrifle:10 r2hzat:6 r2hztechnical:4 r2hzrail:3 r2hzrecoilless:2 r2hzfpv:1 r2hzrockets:1,127,41550,9,42680,47680,r2sang:80 r2saat:41 dog:3 r2bradley:2 r2m1a2s:1
sa.twin-fords.normal.china-israel.r0,twin-fords,normal,0,china,israel,1,2,complete,win,china,conquest,49836,33.22,70.5,1367462663,119,59780,32,98800,48550,r2cnrifle:54 r2cnportable:22 r2qilin:19 r2phl:7 r2mantis:4 r2lynx:3 r2zbd:3 r2cloud:2 r2redspear:2 dog:1 r2crane:1 r2skyspear:1,56,51310,28,51470,101720,r2ilrifle:18 r2merkava:9 r2ilat:8 r2ilhowitzer:6 r2ilrecon:4 r2ilfalcon:3 r2ilgunship:3 dog:2 r2ilshield:2 r2namer:1
sa-hzil.twin-fords.normal.china-israel.r0,twin-fords,normal,0,china,israel,1,2,complete,win,china,conquest,51610,34.41,73.1,1392484411,133,68160,37,111370,58980,r2cnrifle:58 r2cnportable:24 r2qilin:24 r2phl:6 r2zbd:5 r2cloud:4 r2lynx:4 r2redspear:3 r2mantis:2 r2cnnetwork:1 r2crane:1 r2skyspear:1,62,42900,34,58380,110770,r2ilrifle:25 r2ilat:14 r2merkava:13 r2ilhowitzer:5 r2ilshield:2 dog:1 r2ilrecon:1 r2namer:1
sa.twin-fords.normal.yemen-israel.r0,twin-fords,normal,0,yemen,israel,1,2,complete,win,yemen,conquest,35308,23.54,52.3,1527866770,154,56815,28,60620,40225,r2ymr:56 r2yrpg:41 r2technical:22 r2ytechrr:14 r2ymlr:7 htk:4 r2samad:4 r2yzu:3 r2wadighost:2 r2yspot:1,30,20500,19,40225,60620,r2ilrifle:10 r2ilat:9 r2merkava:7 r2namer:2 dog:1 r2ilhowitzer:1
sa.twin-fords.normal.hezbollah-saudi.r0,twin-fords,normal,0,hezbollah,saudi,1,2,complete,win,hezbollah,conquest,17811,11.87,30.3,2053801424,39,16825,18,32905,15680,r2hzrifle:11 r2hzat:8 r2hztechnical:6 r2hzrecoilless:5 r2hzfpv:4 r2hzrail:3 r2hzescort:1 r2hzrockets:1,15,6780,11,14155,32430,r2saat:7 r2sang:4 dog:2 r2bradley:1 r2m1a2s:1
sa.twin-fords.normal.hezbollah-iran.r0,twin-fords,normal,0,hezbollah,iran,1,2,complete,win,hezbollah,conquest,15953,10.64,27.4,2072752834,40,16700,17,28670,11480,r2hzrifle:12 r2hzat:8 r2hztechnical:7 r2hzrail:4 r2hzrecoilless:4 r2hzfpv:3 htk:1 r2hzescort:1,35,9600,10,9890,28670,r2basij:20 r2toophan:9 r2karrar:3 htk:2 dog:1
sa.harbor-line.normal.yemen-saudi.r0,harbor-line,normal,0,yemen,saudi,1,2,complete,win,yemen,conquest,16471,10.98,28.7,2123676573,46,15705,16,30730,11890,r2ymr:17 r2yrpg:14 r2technical:6 r2ytechrr:4 htk:2 r2ymlr:2 r2yzu:1,15,7920,9,12090,30930,r2sang:6 r2saat:4 r2m1a2s:2 dog:1 r2bradley:1 r2caesar:1
sa.harbor-line.normal.saudi-yemen.r0,harbor-line,normal,0,saudi,yemen,1,2,complete,win,saudi,conquest,10853,7.24,21.6,-1946807890,21,10730,11,14385,5840,r2sang:9 r2saat:6 r2m1a2s:3 dog:1 r2bradley:1 r2caesar:1,2,515,5,5840,14385,r2ymr:1 r2yrpg:1
sa-hzil.harbor-line.normal.turkey-hezbollah.r0,harbor-line,normal,0,turkey,hezbollah,1,2,complete,win,turkey,conquest,21633,14.42,35.7,-1938149712,66,28735,21,43205,20605,r2trrifle:37 r2bozkir:12 r2trat:9 r2gokkalkan:4 dog:1 r2kuzgun:1 r2sahin:1 r2yildirim:1,33,13525,12,21655,44405,r2hzat:12 r2hzrifle:11 r2hzrecoilless:3 r2hztechnical:3 r2hzrail:2 dog:1 r2hzfpv:1
sa-hzil.twin-fords.normal.hezbollah-israel.r0,twin-fords,normal,0,hezbollah,israel,1,2,complete,draw,,tick-cap,60001,40.0,83.9,-1884136863,149,72950,36,112940,76685,r2hzrifle:33 r2hzat:27 r2hztechnical:26 r2hzrecoilless:16 r2hzfpv:14 r2hzrockets:11 r2hzrail:10 r2hzescort:4 r2hzscout:4 htk:2 dog:1 r2hzdrone:1,69,53100,41,74135,112940,r2ilrifle:25 r2ilat:16 r2merkava:13 r2ilhowitzer:7 r2ilfalcon:3 r2namer:2 dog:1 r2ilrecon:1 r2ilshield:1
sa.harbor-line.normal.iran-hezbollah.r0,harbor-line,normal,0,iran,hezbollah,1,2,complete,draw,,tick-cap,60001,40.0,83.7,-1731060850,137,49100,43,81980,94100,r2basij:75 r2toophan:35 r2karrar:15 r2fajr:6 r2raad:3 htk:2 r2azar:1,97,45775,36,94100,86450,r2hzat:20 r2hzfpv:17 r2hzrecoilless:17 r2hzrifle:16 r2hzrail:12 r2hzrockets:6 r2hztechnical:5 htk:2 r2hzescort:2
sa.harbor-line.normal.iran-saudi.r0,harbor-line,normal,0,iran,saudi,1,2,complete,win,iran,conquest,24701,16.47,39.1,-1580700482,80,26010,22,46370,17190,r2basij:49 r2toophan:15 r2karrar:7 r2fajr:3 r2raad:3 htk:1 r2dronecontrol:1 r2mohajer:1,21,12680,13,17190,46370,r2saat:9 r2sang:4 r2bradley:2 r2caesar:2 r2m1a2s:2 dog:1 r2sajtac:1
sa.twin-fords.normal.israel-hezbollah.r0,twin-fords,normal,0,israel,hezbollah,1,2,complete,win,hezbollah,conquest,33468,22.31,50.2,-1188742870,54,30000,13,41100,57080,r2ilrifle:25 r2ilat:15 r2merkava:5 dog:3 r2ilhowitzer:2 r2namer:2 amcv:1 r2ilshield:1,108,49825,30,57680,43080,r2hzrifle:27 r2hzat:21 r2hztechnical:15 r2hzrail:11 r2hzrecoilless:11 r2hzfpv:9 r2hzrockets:7 htk:3 r2hzescort:2 r2hzdrone:1 r2hzscout:1
sa-hzil.harbor-line.normal.hezbollah-iran.r0,harbor-line,normal,0,hezbollah,iran,1,2,complete,win,iran,conquest,49655,33.1,70.2,-1044610485,47,20000,17,60770,68110,r2hzrifle:15 r2hzat:10 r2hzrail:6 r2hztechnical:6 r2hzrecoilless:4 r2hzescort:2 r2hzfpv:2 htk:1 r2hzrockets:1,124,45750,39,67030,60170,r2basij:65 r2toophan:32 r2karrar:14 r2fajr:5 htk:2 r2coast:2 r2mohajer:2 dog:1 r2raad:1
sa.harbor-line.normal.turkey-saudi.r0,harbor-line,normal,0,turkey,saudi,1,2,complete,win,turkey,conquest,32255,21.5,48.2,-893610124,64,30555,25,59950,39010,r2trrifle:31 r2bozkir:14 r2trat:11 r2gokkalkan:3 r2kuzgun:2 dog:1 r2sahin:1 r2yildirim:1,29,20240,17,39010,59950,r2sang:12 r2m1a2s:5 r2saat:5 r2caesar:2 dog:1 r2ah64sa:1 r2bradley:1 r2f15sa:1 r2falcon:1
sa.twin-fords.normal.iran-saudi.r0,twin-fords,normal,0,iran,saudi,1,2,complete,win,iran,conquest,36088,24.06,53.4,-686542466,115,42370,31,53850,32590,r2basij:58 r2toophan:33 r2karrar:10 r2fajr:5 r2raad:3 r2loiter:2 dog:1 htk:1 r2azar:1 r2dronecontrol:1,25,19640,16,32590,53850,r2sang:7 r2saat:6 r2m1a2s:5 r2caesar:2 dog:1 r2ah64sa:1 r2bradley:1 r2f15sa:1 r2falcon:1
sa.harbor-line.normal.hezbollah-yemen.r0,harbor-line,normal,0,hezbollah,yemen,1,2,complete,win,yemen,conquest,36336,24.22,54.2,-410150881,27,11175,12,42305,45235,r2hzrifle:12 r2hzat:7 r2hzrail:3 r2hzrecoilless:3 r2hzfpv:1 r2hzrockets:1,100,37795,35,44935,42305,r2ymr:33 r2yrpg:28 r2technical:16 r2ytechrr:11 htk:4 r2ymlr:4 r2wadighost:2 r2yzu:2
sa.twin-fords.normal.saudi-iran.r0,twin-fords,normal,0,saudi,iran,1,2,complete,win,iran,conquest,38531,25.69,56.3,-342310505,26,15630,19,33250,52660,r2sang:9 r2m1a2s:6 r2saat:6 dog:2 r2caesar:2 r2bradley:1,126,43700,26,52660,33250,r2basij:70 r2toophan:27 r2karrar:16 r2fajr:5 htk:2 r2loiter:2 r2raad:2 dog:1 r2mohajer:1
sa-hzil.harbor-line.normal.israel-china.r0,harbor-line,normal,0,israel,china,1,2,complete,win,china,conquest,34504,23.0,51.3,-152298759,32,25800,18,30880,64430,r2ilrifle:10 r2ilat:7 r2merkava:7 r2ilhowitzer:2 r2ilshield:2 dog:1 r2ilfalcon:1 r2ilrecon:1 r2namer:1,70,34810,30,62430,28880,r2cnrifle:33 r2cnportable:13 r2qilin:11 r2phl:3 r2zbd:3 r2cloud:2 r2mantis:2 r2crane:1 r2redspear:1 r2skyspear:1
sa.twin-fords.normal.hezbollah-israel.r0,twin-fords,normal,0,hezbollah,israel,1,2,complete,win,hezbollah,conquest,42841,28.56,62.2,132004808,147,70650,29,78910,56155,r2hzrifle:31 r2hzat:27 r2hztechnical:22 r2hzrecoilless:16 r2hzfpv:15 r2hzrail:10 r2hzrockets:9 r2hzdrone:7 r2hzescort:5 r2hzscout:3 dog:1 htk:1,40,27810,24,52745,78410,r2ilrifle:13 r2ilat:12 r2merkava:7 r2ilhowitzer:5 dog:1 r2ilshield:1 r2namer:1
sa.harbor-line.normal.hezbollah-israel.r0,harbor-line,normal,0,hezbollah,israel,1,2,complete,win,israel,conquest,23378,15.59,37.3,221638750,20,8100,7,18310,32200,r2hzrifle:7 r2hzat:5 r2hzrail:3 r2hztechnical:3 r2hzrecoilless:2,35,21270,20,33250,19360,r2ilrifle:16 r2ilat:7 r2merkava:5 r2namer:3 r2ilhowitzer:2 dog:1 r2ilshield:1
sa.harbor-line.normal.israel-yemen.r0,harbor-line,normal,0,israel,yemen,1,2,complete,win,israel,conquest,18129,12.09,30.8,363498514,41,23130,20,34480,13720,r2ilrifle:19 r2ilat:10 r2merkava:5 r2ilhowitzer:2 r2namer:2 dog:1 r2ilobserver:1 r2ilshield:1,24,7720,10,13720,34480,r2ymr:8 r2yrpg:7 r2technical:4 r2ytechrr:3 dog:1 htk:1
sa.twin-fords.normal.iran-china.r0,twin-fords,normal,0,iran,china,1,2,complete,draw,,tick-cap,60001,40.0,83.3,594977016,209,77470,37,98360,72300,r2basij:118 r2toophan:51 r2karrar:11 r2coast:6 r2fajr:6 r2raad:4 r2azar:3 htk:2 r2dronecontrol:2 r2mohajer:2 r2toufan:2 dog:1 r2loiter:1,68,41000,37,72300,98360,r2cnrifle:25 r2cnportable:15 r2qilin:9 r2cloud:5 r2phl:5 r2crane:2 r2mantis:2 r2redspear:2 r2zbd:2 r2skyspear:1
sa.twin-fords.normal.hezbollah-china.r0,twin-fords,normal,0,hezbollah,china,1,2,complete,win,hezbollah,conquest,32019,21.35,48.0,669951005,58,26825,24,50440,26245,r2hzrifle:15 r2hzat:12 r2hzrecoilless:7 r2hzfpv:6 r2hztechnical:6 r2hzrockets:5 r2hzrail:4 r2hzescort:3,33,16280,19,24145,50140,r2cnrifle:14 r2cnportable:7 r2qilin:6 r2mantis:2 r2phl:2 r2zbd:2
sa.harbor-line.normal.china-hezbollah.r0,harbor-line,normal,0,china,hezbollah,1,2,complete,win,hezbollah,conquest,15564,10.38,27.2,754688222,22,9740,9,11525,31860,r2cnrifle:12 r2qilin:4 r2cnportable:2 r2lynx:1 r2mantis:1 r2phl:1 r2zbd:1,36,15525,19,31860,11705,r2hzrifle:11 r2hzat:8 r2hztechnical:5 r2hzrail:4 r2hzrecoilless:3 r2hzescort:2 r2hzfpv:2 r2hzrockets:1
sa.twin-fords.normal.saudi-hezbollah.r0,twin-fords,normal,0,saudi,hezbollah,1,2,complete,win,saudi,conquest,21686,14.46,35.4,1026673120,20,14810,13,15500,7350,r2sang:8 r2m1a2s:3 r2saat:3 dog:1 r2ah64sa:1 r2bradley:1 r2caesar:1 r2f15sa:1 r2falcon:1,2,800,4,7350,15500,r2hzat:1 r2hzrifle:1
sa.harbor-line.normal.iran-yemen.r0,harbor-line,normal,0,iran,yemen,1,2,complete,win,yemen,conquest,29935,19.96,45.4,1150984879,37,12650,12,28545,40000,r2basij:20 r2toophan:8 r2karrar:5 htk:2 r2raad:2,88,30115,27,40000,28545,r2ymr:31 r2yrpg:26 r2technical:14 r2ytechrr:10 r2yzu:3 r2ymlr:2 htk:1 r2samad:1
sa-hzil.twin-fords.normal.israel-saudi.r0,twin-fords,normal,0,israel,saudi,1,2,complete,draw,,tick-cap,60001,40.0,82.6,1381097042,76,63180,40,66880,83840,r2ilrifle:24 r2ilat:17 r2merkava:8 r2ilhowitzer:7 r2ilshield:6 r2ilfalcon:4 r2ilrecon:4 dog:2 r2ilgunship:2 r2namer:2,77,51830,40,86240,69280,r2sang:29 r2saat:19 r2m1a2s:14 r2caesar:5 r2sads:3 r2ah64sa:2 r2falcon:2 dog:1 r2bradley:1 r2f15sa:1
sa.twin-fords.normal.saudi-turkey.r0,twin-fords,normal,0,saudi,turkey,1,2,complete,win,turkey,conquest,51611,34.41,73.4,1429527632,33,30120,24,47625,76790,r2saat:8 r2m1a2s:6 r2sang:6 r2ah64sa:3 dog:2 r2bradley:2 r2caesar:2 r2f15sa:2 r2falcon:2,122,61100,30,76800,47635,r2trrifle:60 r2trat:21 r2bozkir:19 r2gokkalkan:9 r2yildirim:7 r2greywolf:3 dog:1 r2kuzgun:1 r2sahin:1
sa.harbor-line.normal.saudi-china.r0,harbor-line,normal,0,saudi,china,1,2,complete,win,saudi,conquest,43946,29.3,63.5,1605414264,67,43240,30,80720,39860,r2sang:27 r2saat:14 r2m1a2s:12 r2caesar:3 r2sads:3 dog:2 r2ah64sa:2 r2bradley:2 r2f15sa:1 r2falcon:1,59,29900,23,38810,79670,r2cnrifle:25 r2cnportable:13 r2qilin:10 r2zbd:4 r2cloud:2 r2phl:2 r2mantis:1 r2redspear:1 r2skyspear:1
sa.harbor-line.normal.yemen-hezbollah.r0,harbor-line,normal,0,yemen,hezbollah,1,2,complete,win,yemen,conquest,10147,6.76,20.6,-2131087558,28,9300,12,15500,7485,r2ymr:10 r2yrpg:9 r2technical:5 r2ytechrr:2 htk:1 r2ymlr:1,2,800,4,7485,15500,r2hzat:1 r2hzrifle:1
sa-hzil.twin-fords.normal.hezbollah-turkey.r0,twin-fords,normal,0,hezbollah,turkey,1,2,complete,win,turkey,conquest,36985,24.66,55.8,-2086600009,63,27350,29,55555,95300,r2hzrifle:18 r2hzat:15 r2hzrail:8 r2hztechnical:7 r2hzrecoilless:6 r2hzfpv:5 r2hzrockets:2 htk:1 r2hzescort:1,160,69870,27,95500,56505,r2trrifle:84 r2trat:33 r2bozkir:26 r2yildirim:7 r2gokkalkan:5 r2kuzgun:2 dog:1 r2greywolf:1 r2sahin:1
sa.harbor-line.normal.hezbollah-turkey.r0,harbor-line,normal,0,hezbollah,turkey,1,2,complete,win,hezbollah,conquest,26645,17.76,43.3,-2052849768,60,26050,25,43030,26695,r2hzrifle:16 r2hzat:13 r2hztechnical:10 r2hzrail:6 r2hzrecoilless:6 r2hzfpv:4 htk:2 r2hzrockets:2 r2hzescort:1,34,14735,11,25315,43030,r2trrifle:17 r2bozkir:7 r2trat:6 r2gokkalkan:3 dog:1
sa.twin-fords.normal.saudi-israel.r0,twin-fords,normal,0,saudi,israel,1,2,complete,win,saudi,conquest,35971,23.98,53.8,-1925166612,67,41100,33,62330,29250,r2sang:30 r2m1a2s:13 r2saat:12 r2sads:3 dog:2 r2bradley:2 r2caesar:2 r2ah64sa:1 r2f15sa:1 r2falcon:1,30,20000,20,28200,61280,r2ilrifle:10 r2ilat:9 r2merkava:5 r2ilhowitzer:2 r2namer:2 dog:1 r2ilshield:1
sa.twin-fords.normal.china-iran.r0,twin-fords,normal,0,china,iran,1,2,complete,draw,,tick-cap,60001,40.0,83.2,-1620084743,98,53500,40,97700,116670,r2cnrifle:40 r2cnportable:19 r2qilin:18 r2phl:6 r2cloud:5 r2zbd:3 r2crane:2 r2redspear:2 r2cnnetwork:1 r2lynx:1 r2skyspear:1,228,78860,45,116670,97700,r2basij:134 r2toophan:52 r2karrar:18 r2fajr:7 r2raad:5 htk:3 r2azar:3 r2coast:3 dog:2 r2toufan:1
sa.twin-fords.normal.iran-turkey.r0,twin-fords,normal,0,iran,turkey,1,2,complete,win,iran,conquest,28203,18.8,43.3,-1528477211,137,43280,26,45905,21700,r2basij:87 r2toophan:24 r2karrar:8 r2fajr:6 htk:3 dog:2 r2coast:2 r2dronecontrol:2 r2raad:2 r2azar:1,32,14675,18,21700,45905,r2trrifle:15 r2bozkir:6 r2trat:6 r2gokkalkan:3 dog:1 r2yildirim:1
sa-hzil.harbor-line.normal.saudi-israel.r0,harbor-line,normal,0,saudi,israel,1,2,complete,win,israel,conquest,13296,8.86,24.3,-1386938584,3,920,5,6990,15750,dog:1 r2saat:1 r2sang:1,23,12920,11,15750,6990,r2ilrifle:11 r2ilat:5 r2merkava:3 r2namer:2 dog:1 r2ilhowitzer:1
sa.harbor-line.normal.turkey-iran.r0,harbor-line,normal,0,turkey,iran,1,2,complete,win,turkey,conquest,14516,9.68,25.7,-1142598007,42,16520,16,33970,7910,r2trrifle:24 r2trat:7 r2bozkir:5 r2gokkalkan:3 dog:1 r2kuzgun:1 r2yildirim:1,33,8720,13,7910,33970,r2basij:18 r2toophan:11 r2dronecontrol:2 dog:1 r2karrar:1
sa.harbor-line.normal.israel-hezbollah.r0,harbor-line,normal,0,israel,hezbollah,1,2,complete,draw,,tick-cap,60001,40.0,83.3,-1094471874,73,51720,44,79050,95250,r2ilrifle:26 r2ilat:20 r2merkava:12 r2ilhowitzer:6 r2ilshield:3 dog:2 r2ilfalcon:2 r2ilgunship:1 r2namer:1,103,49350,42,95030,80990,r2hzat:21 r2hzrifle:19 r2hztechnical:17 r2hzrecoilless:16 r2hzfpv:11 r2hzrail:9 r2hzrockets:5 htk:2 r2hzscout:2 r2hzescort:1
sa-hzil.twin-fords.normal.yemen-hezbollah.r0,twin-fords,normal,0,yemen,hezbollah,1,2,complete,win,hezbollah,conquest,18450,12.3,31.3,-883016963,10,3145,7,11360,20455,r2yrpg:6 r2ymr:3 r2ytechrr:1,34,14575,13,20455,11690,r2hzrifle:12 r2hzat:6 r2hztechnical:4 r2hzrail:3 r2hzrecoilless:3 htk:2 r2hzfpv:2 r2hzrockets:2
sa-hzil.twin-fords.normal.hezbollah-saudi.r0,twin-fords,normal,0,hezbollah,saudi,1,2,complete,draw,,tick-cap,60001,40.0,88.5,-786264465,2,800,4,5730,3700,r2hzat:1 r2hzrifle:1,4,2070,5,3700,5730,dog:1 r2m1a2s:1 r2saat:1 r2sang:1
sa-hzil.twin-fords.normal.iran-hezbollah.r0,twin-fords,normal,0,iran,hezbollah,1,2,complete,draw,,tick-cap,60001,40.0,82.5,-571851425,169,66370,49,76135,95200,r2basij:88 r2toophan:46 r2karrar:11 r2fajr:8 r2raad:4 r2coast:3 r2toufan:3 htk:2 r2mohajer:2 dog:1 r2azar:1,120,60750,40,95200,78265,r2hzat:22 r2hzrifle:21 r2hztechnical:21 r2hzrecoilless:14 r2hzfpv:12 r2hzrail:12 r2hzrockets:8 r2hzescort:4 r2hzscout:4 htk:2
sa-hzil.harbor-line.normal.turkey-israel.r0,harbor-line,normal,0,turkey,israel,1,2,complete,win,turkey,conquest,11886,7.92,22.7,-262246580,19,7945,10,28430,7105,r2trrifle:9 r2trat:4 r2bozkir:3 r2gokkalkan:2 dog:1,12,7300,7,7105,28430,r2ilrifle:5 r2ilat:2 r2merkava:2 r2namer:2 dog:1
sa.twin-fords.normal.israel-yemen.r0,twin-fords,normal,0,israel,yemen,1,2,complete,win,israel,conquest,13910,9.27,25.3,-33944383,23,14100,13,13705,6710,r2ilrifle:10 r2ilat:5 r2merkava:4 dog:1 r2ilhowitzer:1 r2ilshield:1 r2namer:1,3,680,5,6710,13705,r2ymr:2 r2yrpg:1
sa.harbor-line.normal.turkey-yemen.r0,harbor-line,normal,0,turkey,yemen,1,2,complete,win,turkey,conquest,15207,10.14,26.7,98643138,37,16295,16,23665,8520,r2trrifle:19 r2bozkir:6 r2trat:6 r2gokkalkan:3 dog:1 r2kuzgun:1 r2yildirim:1,14,4005,6,8520,23665,r2ymr:7 r2yrpg:4 htk:1 r2technical:1 r2ytechrr:1
sa.harbor-line.normal.china-turkey.r0,harbor-line,normal,0,china,turkey,1,2,complete,win,china,conquest,20071,13.38,33.8,220147887,59,24100,20,40840,14770,r2cnrifle:35 r2cnportable:7 r2qilin:7 r2zbd:4 r2mantis:2 r2cloud:1 r2lynx:1 r2phl:1 r2skyspear:1,29,10780,16,14770,40840,r2trrifle:16 r2trat:6 r2bozkir:4 r2gokkalkan:2 dog:1
sa.harbor-line.normal.yemen-turkey.r0,harbor-line,normal,0,yemen,turkey,1,2,complete,win,turkey,conquest,24047,16.03,38.3,254592852,43,13390,14,19225,45740,r2yrpg:17 r2ymr:16 r2technical:5 r2ytechrr:4 r2yzu:1,67,29425,22,45740,19225,r2trrifle:35 r2bozkir:12 r2trat:11 r2gokkalkan:4 r2kuzgun:3 dog:1 r2yildirim:1
sa-hzil.twin-fords.normal.israel-turkey.r0,twin-fords,normal,0,israel,turkey,1,2,complete,win,israel,conquest,28135,18.76,43.4,365977559,54,34200,24,47370,18930,r2ilrifle:25 r2ilat:10 r2merkava:8 r2ilhowitzer:2 r2ilobserver:2 r2ilshield:2 r2namer:2 dog:1 r2ilfalcon:1 r2ilgunship:1,31,14575,18,20930,49370,r2trrifle:15 r2bozkir:5 r2trat:5 r2gokkalkan:2 r2yildirim:2 dog:1 r2kuzgun:1
sa-hzil.harbor-line.normal.saudi-hezbollah.r0,harbor-line,normal,0,saudi,hezbollah,1,2,complete,win,saudi,conquest,19511,13.01,32.5,559121475,43,23180,23,22000,17280,r2sang:19 r2saat:11 r2m1a2s:7 r2bradley:2 r2caesar:2 dog:1 r2sads:1,6,2350,5,16130,20850,r2hzrifle:3 r2hzat:2 r2hzrail:1
sa-hzil.twin-fords.normal.israel-china.r0,twin-fords,normal,0,israel,china,1,2,complete,win,china,conquest,32717,21.81,48.9,638899789,39,23520,27,26140,74730,r2ilrifle:16 r2ilat:12 r2merkava:6 r2ilhowitzer:3 dog:1 r2namer:1,86,40600,25,74730,26140,r2cnrifle:40 r2qilin:17 r2cnportable:15 r2mantis:4 r2phl:3 r2zbd:2 r2cloud:1 r2cnnetwork:1 r2crane:1 r2lynx:1 r2skyspear:1
sa.twin-fords.normal.hezbollah-turkey.r0,twin-fords,normal,0,hezbollah,turkey,1,2,complete,win,hezbollah,conquest,24420,16.28,38.7,800638865,75,33225,27,46715,22200,r2hzrifle:22 r2hzat:14 r2hztechnical:11 r2hzrecoilless:7 r2hzrockets:6 r2hzrail:5 r2hzfpv:4 htk:3 r2hzdrone:2 r2hzspotter:1,27,13050,16,20850,46715,r2trrifle:10 r2trat:8 r2bozkir:5 r2yildirim:2 dog:1 r2gokkalkan:1
sa.harbor-line.normal.turkey-israel.r0,harbor-line,normal,0,turkey,israel,1,2,complete,draw,,tick-cap,60001,40.0,83.9,883950261,96,53535,40,77140,88475,r2trrifle:37 r2trat:21 r2bozkir:20 r2yildirim:5 r2gokkalkan:4 r2greywolf:3 r2kuzgun:3 dog:2 r2sahin:1,70,48480,39,88475,77140,r2ilrifle:29 r2ilat:16 r2merkava:14 r2ilhowitzer:5 r2ilshield:2 dog:1 r2ilfalcon:1 r2ilrecon:1 r2namer:1
sa-hzil.harbor-line.normal.israel-hezbollah.r0,harbor-line,normal,0,israel,hezbollah,1,2,complete,draw,,tick-cap,60001,40.0,89.7,1127445752,7,3010,5,6150,13240,r2ilrifle:3 r2ilat:2 dog:1 r2namer:1,5,1900,5,13240,6150,r2hzrifle:3 r2hzat:2
sa.harbor-line.normal.saudi-israel.r0,harbor-line,normal,0,saudi,israel,1,2,complete,win,saudi,conquest,12612,8.41,23.8,1189683138,26,13690,15,16100,5220,r2sang:12 r2saat:5 r2m1a2s:4 dog:1 r2bradley:1 r2caesar:1 r2sads:1 r2sajtac:1,2,750,5,5220,16100,dog:1 r2ilat:1
sa.twin-fords.normal.turkey-yemen.r0,twin-fords,normal,0,turkey,yemen,1,2,complete,win,yemen,conquest,26371,17.58,41.7,1429267053,27,12610,14,22190,43125,r2trrifle:12 r2bozkir:6 r2trat:5 r2gokkalkan:3 dog:1,73,24370,22,42175,21240,r2ymr:28 r2yrpg:20 r2technical:12 r2ytechrr:7 r2yzu:3 r2ymlr:2 htk:1
sa-hzil.twin-fords.normal.hezbollah-china.r0,twin-fords,normal,0,hezbollah,china,1,2,complete,win,china,conquest,49692,33.13,82.3,1723674870,47,20375,19,57670,68105,r2hzrifle:11 r2hzat:10 r2hztechnical:8 r2hzrail:6 r2hzrecoilless:5 r2hzfpv:4 htk:2 r2hzrockets:1,129,69610,40,70335,60710,r2cnrifle:53 r2cnportable:27 r2qilin:23 r2phl:7 r2cloud:4 r2redspear:4 r2zbd:3 r2lynx:2 r2mantis:2 r2skyspear:2 dog:1 r2crane:1
sa.harbor-line.normal.hezbollah-iran.r0,harbor-line,normal,0,hezbollah,iran,1,2,complete,win,iran,conquest,16188,10.79,28.5,1845434853,2,800,6,10980,17450,r2hzat:1 r2hzrifle:1,46,14520,15,17450,10980,r2basij:28 r2toophan:10 r2karrar:4 r2fajr:2 htk:1 r2raad:1
sa.harbor-line.normal.china-iran.r0,harbor-line,normal,0,china,iran,1,2,complete,win,iran,conquest,15213,10.14,38.8,2026083661,6,1930,6,11450,18320,r2cnrifle:4 r2cnportable:1 r2zbd:1,50,17680,14,18320,11450,r2basij:27 r2toophan:13 r2karrar:5 r2fajr:2 r2raad:2 r2dronecontrol:1
sa.twin-fords.normal.yemen-china.r0,twin-fords,normal,0,yemen,china,1,2,complete,win,yemen,conquest,36484,24.32,61.2,2137574054,162,58615,31,77710,44685,r2ymr:56 r2yrpg:43 r2technical:27 r2ytechrr:15 r2ymlr:7 r2yzu:5 htk:3 r2samad:3 dog:1 r2wadighost:1 r2yspot:1,59,29490,25,44685,77710,r2cnrifle:27 r2cnportable:12 r2qilin:9 r2phl:4 r2cloud:3 r2crane:1 r2lynx:1 r2skyspear:1 r2zbd:1
sa.twin-fords.normal.saudi-yemen.r0,twin-fords,normal,0,saudi,yemen,1,2,complete,win,yemen,conquest,34065,22.71,51.2,-1879960903,41,24150,22,41850,71080,r2sang:15 r2saat:12 r2m1a2s:8 r2caesar:3 r2bradley:2 dog:1,160,57565,31,71080,41850,r2ymr:56 r2yrpg:42 r2technical:26 r2ytechrr:17 r2ymlr:7 htk:5 r2samad:3 dog:1 r2wadighost:1 r2yspot:1 r2yzu:1
sa-hzil.twin-fords.normal.hezbollah-yemen.r0,twin-fords,normal,0,hezbollah,yemen,1,2,complete,win,hezbollah,conquest,47939,31.96,69.1,-1747554643,160,75575,33,97315,79625,r2hzrifle:35 r2hzat:30 r2hztechnical:29 r2hzrecoilless:17 r2hzfpv:14 r2hzrail:13 r2hzrockets:8 htk:4 r2hzescort:4 r2hzdrone:3 r2hzscout:3,88,33105,38,78525,98315,r2ymr:27 r2yrpg:25 r2technical:17 r2ytechrr:11 r2ymlr:4 r2yzu:3 r2wadighost:1
sa.harbor-line.normal.saudi-turkey.r0,harbor-line,normal,0,saudi,turkey,1,2,complete,win,turkey,conquest,28744,19.16,46.2,-1550837358,29,18370,18,28615,58480,r2sang:11 r2saat:8 r2m1a2s:5 dog:1 r2ah64sa:1 r2bradley:1 r2caesar:1 r2f15sa:1,65,31100,25,58480,28615,r2trrifle:30 r2trat:14 r2bozkir:12 r2gokkalkan:3 r2yildirim:3 dog:1 r2kuzgun:1 r2sahin:1
sa-hzil.harbor-line.normal.israel-saudi.r0,harbor-line,normal,0,israel,saudi,1,2,complete,win,israel,conquest,20118,13.41,34.7,-1366970044,41,24720,21,42270,18200,r2ilrifle:21 r2ilat:7 r2merkava:6 r2ilshield:2 r2namer:2 dog:1 r2ilfalcon:1 r2ilhowitzer:1,18,9890,15,17150,41220,r2sang:7 r2saat:5 r2caesar:2 r2m1a2s:2 dog:1 r2bradley:1
sa-hzil.twin-fords.normal.saudi-hezbollah.r0,twin-fords,normal,0,saudi,hezbollah,1,2,complete,win,hezbollah,conquest,33935,22.62,53.2,-1082165509,34,19160,19,36890,53870,r2sang:13 r2saat:7 r2m1a2s:6 r2bradley:5 dog:2 r2caesar:1,115,51300,31,53870,39740,r2hzrifle:32 r2hzat:20 r2hztechnical:17 r2hzrail:12 r2hzrecoilless:12 r2hzfpv:9 r2hzrockets:5 r2hzescort:4 r2hzdrone:2 dog:1 r2hzscout:1
sa.harbor-line.normal.turkey-china.r0,harbor-line,normal,0,turkey,china,1,2,complete,win,china,conquest,32589,21.73,50.7,-1053485947,54,24630,19,37430,65040,r2trrifle:26 r2bozkir:11 r2trat:10 r2gokkalkan:5 dog:1 r2yildirim:1,76,35550,11,64090,36480,r2cnrifle:30 r2cnportable:15 r2qilin:15 r2zbd:6 r2lynx:4 dog:2 r2mantis:2 r2phl:1 r2redspear:1
sa.harbor-line.normal.israel-turkey.r0,harbor-line,normal,0,israel,turkey,1,2,complete,draw,,tick-cap,60001,40.0,86.8,-1020853609,58,54780,39,77120,92370,r2ilrifle:19 r2merkava:12 r2ilat:8 r2ilhowitzer:5 r2ilfalcon:4 r2ilrecon:4 r2ilgunship:2 r2ilshield:2 dog:1 r2namer:1,89,57555,39,92825,77575,r2trrifle:31 r2bozkir:20 r2trat:16 r2yildirim:8 r2greywolf:4 r2gokkalkan:3 r2sahin:3 r2trdroneop:2 dog:1 r2kuzgun:1
sa.twin-fords.normal.yemen-hezbollah.r0,twin-fords,normal,0,yemen,hezbollah,1,2,complete,win,hezbollah,conquest,21501,14.33,36.8,-553604361,25,8335,9,17130,31550,r2ymr:9 r2yrpg:9 r2ytechrr:4 htk:1 r2technical:1 r2yzu:1,50,21650,21,31550,17730,r2hzrifle:15 r2hzat:11 r2hztechnical:7 r2hzrail:5 r2hzfpv:4 r2hzrecoilless:4 r2hzrockets:2 htk:1 r2hzescort:1
sa.harbor-line.normal.yemen-iran.r0,harbor-line,normal,0,yemen,iran,1,2,complete,win,iran,conquest,21849,14.57,36.1,-545757733,31,8860,9,13330,34265,r2ymr:14 r2yrpg:12 r2technical:3 r2ytechrr:1 r2yzu:1,56,18670,19,35265,14330,r2basij:33 r2toophan:10 r2karrar:5 dog:2 r2fajr:2 r2raad:2 htk:1 r2toufan:1
sa.twin-fords.normal.israel-turkey.r0,twin-fords,normal,0,israel,turkey,1,2,complete,win,israel,conquest,18266,12.18,32.1,-186182777,30,18010,19,32215,10020,r2ilrifle:13 r2ilat:6 r2merkava:4 r2ilshield:2 r2namer:2 dog:1 r2ilhowitzer:1 r2ilobserver:1,19,8740,9,10020,32215,r2trrifle:8 r2bozkir:4 r2trat:4 r2gokkalkan:2 dog:1
sa.twin-fords.normal.yemen-turkey.r0,twin-fords,normal,0,yemen,turkey,1,2,complete,win,yemen,conquest,34189,22.79,52.4,-180814103,114,40850,29,55755,29400,r2ymr:45 r2yrpg:28 r2technical:16 r2ytechrr:9 r2ymlr:6 htk:3 r2yzu:3 r2samad:2 r2wadighost:1 r2yspot:1,38,17935,20,30800,57155,r2trrifle:17 r2trat:8 r2bozkir:7 r2gokkalkan:3 r2yildirim:2 dog:1
sa.twin-fords.normal.turkey-saudi.r0,twin-fords,normal,0,turkey,saudi,1,2,complete,draw,,tick-cap,60001,40.0,85.6,-151069156,107,62815,33,70170,66190,r2trrifle:43 r2trat:21 r2bozkir:20 r2yildirim:7 r2gokkalkan:5 r2greywolf:4 r2kuzgun:3 r2sahin:2 dog:1 r2turna:1,64,51170,38,68810,72790,r2sang:21 r2m1a2s:13 r2saat:13 r2caesar:5 r2f15sa:3 r2falcon:3 r2ah64sa:2 r2sads:2 dog:1 r2bradley:1
sa.twin-fords.normal.iran-yemen.r0,twin-fords,normal,0,iran,yemen,1,2,complete,win,yemen,conquest,42347,28.23,61.8,137736232,95,34020,30,54780,82840,r2basij:53 r2toophan:22 r2karrar:10 r2fajr:5 htk:2 r2mohajer:2 r2toufan:1,145,57195,34,83190,55130,r2yrpg:44 r2ymr:43 r2technical:22 r2ytechrr:15 r2ymlr:6 r2yzu:5 r2samad:4 htk:3 r2wadighost:3
sa-hzil.harbor-line.normal.china-israel.r0,harbor-line,normal,0,china,israel,1,2,complete,win,israel,conquest,9710,6.47,20.6,345198131,1,400,4,4930,12800,r2cnportable:1,19,9370,11,12800,4930,r2ilrifle:11 r2ilat:3 r2merkava:2 dog:1 r2ilhowitzer:1 r2namer:1
sa.twin-fords.normal.turkey-china.r0,twin-fords,normal,0,turkey,china,1,2,complete,win,china,conquest,39706,26.47,58.4,549053214,58,30815,28,36040,82090,r2trrifle:23 r2trat:13 r2bozkir:7 r2gokkalkan:4 r2yildirim:4 r2kuzgun:3 dog:2 r2sahin:1 r2turna:1,118,55430,28,82490,36440,r2cnrifle:64 r2cnportable:15 r2qilin:14 r2mantis:6 r2phl:6 r2cloud:4 r2zbd:3 r2crane:2 dog:1 r2lynx:1 r2redspear:1 r2skyspear:1
sa.twin-fords.normal.hezbollah-yemen.r0,twin-fords,normal,0,hezbollah,yemen,1,2,complete,win,yemen,conquest,26869,17.91,43.4,708224633,10,3825,5,23745,22325,r2hzrifle:5 r2hzat:2 r2hzrail:1 r2hzrecoilless:1 r2hztechnical:1,83,27380,21,22325,23745,r2ymr:32 r2yrpg:26 r2technical:11 r2ytechrr:8 r2ymlr:2 r2yzu:2 htk:1 r2samad:1
sa-hzil.harbor-line.normal.china-hezbollah.r0,harbor-line,normal,0,china,hezbollah,1,2,complete,win,china,conquest,33950,22.63,51.4,757252264,66,28980,33,50825,40180,r2cnrifle:34 r2cnportable:11 r2qilin:11 r2phl:3 r2cloud:2 r2zbd:2 dog:1 r2crane:1 r2mantis:1,41,16525,14,40180,51485,r2hzrifle:16 r2hzat:9 r2hztechnical:6 r2hzrail:4 r2hzrecoilless:3 htk:1 r2hzescort:1 r2hzfpv:1
sa.twin-fords.normal.yemen-iran.r0,twin-fords,normal,0,yemen,iran,1,2,complete,win,iran,conquest,37713,25.14,56.4,1136424559,30,11085,10,30120,37525,r2yrpg:11 r2ymr:9 r2ytechrr:5 r2yzu:2 htk:1 r2technical:1 r2ymlr:1,113,41010,29,37525,30120,r2basij:64 r2toophan:26 r2karrar:10 r2coast:4 r2fajr:3 r2raad:3 dog:1 htk:1 r2toufan:1
sa-hzil.twin-fords.normal.turkey-hezbollah.r0,twin-fords,normal,0,turkey,hezbollah,1,2,complete,win,hezbollah,conquest,28786,19.19,45.1,1142440573,45,22500,20,28170,60480,r2trrifle:20 r2trat:9 r2bozkir:8 r2gokkalkan:4 r2yildirim:2 dog:1 r2sahin:1,71,32150,30,60480,32130,r2hzrifle:17 r2hzat:15 r2hztechnical:9 r2hzfpv:8 r2hzrecoilless:8 r2hzrail:4 r2hzrockets:4 htk:3 r2hzescort:2 r2hzdrone:1
sa-hzil.twin-fords.normal.saudi-israel.r0,twin-fords,normal,0,saudi,israel,1,2,complete,win,saudi,conquest,55291,36.86,80.0,1270162535,67,47030,34,76120,34860,r2saat:20 r2sang:19 r2m1a2s:10 r2bradley:4 r2caesar:4 r2sads:3 dog:2 r2ah64sa:2 r2falcon:2 r2f15sa:1,35,28970,25,34860,76120,r2ilrifle:11 r2ilat:8 r2merkava:7 r2ilhowitzer:3 r2ilfalcon:2 r2namer:2 dog:1 r2ilrecon:1
sa-hzil.harbor-line.normal.hezbollah-israel.r0,harbor-line,normal,0,hezbollah,israel,1,2,complete,draw,,tick-cap,60001,40.0,93.8,1592649910,98,50650,39,93350,83330,r2hzrecoilless:20 r2hzat:18 r2hzrifle:16 r2hztechnical:11 r2hzfpv:10 r2hzrail:7 htk:4 r2hzescort:4 r2hzrockets:4 r2hzscout:4,76,49800,42,80630,93350,r2ilat:26 r2ilrifle:25 r2merkava:9 r2ilhowitzer:8 dog:2 r2ilshield:2 r2namer:2 r2ilfalcon:1 r2ilobserver:1
sa.harbor-line.normal.iran-israel.r0,harbor-line,normal,0,iran,israel,1,2,complete,win,israel,conquest,11055,7.37,21.7,1698487399,5,1170,5,5720,13420,r2basij:3 r2toophan:2,23,12400,13,12570,4870,r2ilrifle:10 r2ilat:6 r2merkava:3 dog:2 r2ilhowitzer:1 r2namer:1
sa.twin-fords.normal.china-yemen.r0,twin-fords,normal,0,china,yemen,1,2,complete,win,yemen,conquest,41443,27.63,72.0,1916033445,50,22330,26,45995,71120,r2cnrifle:24 r2cnportable:11 r2qilin:8 r2cloud:4 r2phl:2 r2zbd:1,159,58020,28,71120,45995,r2ymr:58 r2yrpg:43 r2technical:24 r2ytechrr:14 r2ymlr:8 htk:3 r2samad:3 r2yzu:3 r2wadighost:2 dog:1
sa-hzil.harbor-line.normal.israel-turkey.r0,harbor-line,normal,0,israel,turkey,1,2,complete,win,israel,conquest,6630,4.42,16.2,2070705612,15,6260,8,12960,1160,r2ilrifle:8 r2ilat:3 dog:2 r2merkava:1 r2namer:1,1,155,4,660,12460,r2trrifle:1
sa.twin-fords.normal.turkey-israel.r0,twin-fords,normal,0,turkey,israel,1,2,complete,win,turkey,conquest,29506,19.67,57.3,-2061882965,69,32270,26,55000,26520,r2trrifle:34 r2trat:13 r2bozkir:12 r2gokkalkan:4 r2yildirim:3 dog:1 r2kuzgun:1 r2sahin:1,26,14180,17,26520,55000,r2ilat:11 r2ilrifle:9 r2namer:3 r2merkava:2 dog:1
sa.twin-fords.normal.turkey-iran.r0,twin-fords,normal,0,turkey,iran,1,2,complete,win,iran,conquest,41303,27.54,60.8,-1760285207,72,38105,31,50570,94875,r2trrifle:31 r2bozkir:15 r2trat:14 r2yildirim:4 r2gokkalkan:3 r2kuzgun:2 dog:1 r2greywolf:1 r2sahin:1,180,63450,32,94875,50570,r2basij:100 r2toophan:39 r2karrar:17 htk:7 r2fajr:4 r2coast:3 r2dronecontrol:3 r2toufan:2 dog:1 r2azar:1 r2loiter:1 r2mohajer:1 r2raad:1
sa.harbor-line.normal.iran-china.r0,harbor-line,normal,0,iran,china,1,2,complete,win,china,conquest,30997,20.66,46.8,-1658402635,47,16710,16,36390,48970,r2basij:24 r2toophan:13 r2karrar:6 htk:2 r2fajr:2,74,31860,26,48970,36390,r2cnrifle:33 r2cnportable:15 r2qilin:14 r2lynx:5 r2zbd:5 r2cloud:1 r2phl:1
sa.harbor-line.normal.turkey-hezbollah.r0,harbor-line,normal,0,turkey,hezbollah,1,2,complete,win,turkey,conquest,15186,10.12,27.0,-1488707723,50,21130,18,20050,10680,r2trrifle:26 r2trat:10 r2bozkir:8 r2gokkalkan:2 r2yildirim:2 dog:1 r2kuzgun:1,4,1550,5,10680,20050,r2hzrifle:2 r2hzat:1 r2hzrail:1
sa-hzil.twin-fords.normal.israel-yemen.r0,twin-fords,normal,0,israel,yemen,1,2,complete,win,israel,conquest,19015,12.68,32.1,-1218237480,17,10620,14,15365,8710,r2ilrifle:6 r2ilat:5 r2ilhowitzer:2 r2merkava:2 dog:1 r2namer:1,5,1195,6,8710,15365,r2ymr:3 r2yrpg:2
sa.twin-fords.normal.iran-hezbollah.r0,twin-fords,normal,0,iran,hezbollah,1,2,complete,draw,,tick-cap,60001,40.0,82.8,-1189792999,187,62360,43,76440,82600,r2basij:119 r2toophan:34 r2fajr:11 r2karrar:10 htk:3 r2raad:3 r2azar:2 r2coast:2 r2loiter:2 r2mohajer:1,99,50675,46,82600,80040,r2hzat:19 r2hzrifle:16 r2hzrecoilless:15 r2hzfpv:12 r2hztechnical:12 r2hzrail:7 r2hzescort:6 r2hzrockets:6 htk:3 r2hzscout:3
sa.harbor-line.normal.israel-saudi.r0,harbor-line,normal,0,israel,saudi,1,2,complete,win,saudi,conquest,15846,10.56,27.6,-1155739176,18,9810,11,11660,37610,r2ilrifle:8 r2ilat:5 r2merkava:2 dog:1 r2ilhowitzer:1 r2namer:1,27,13810,14,37610,11660,r2sang:13 r2saat:6 r2m1a2s:4 dog:1 r2bradley:1 r2caesar:1 r2sads:1
sa-hzil.twin-fords.normal.yemen-israel.r0,twin-fords,normal,0,yemen,israel,1,2,complete,win,yemen,conquest,31383,20.92,46.9,-895374643,124,44810,27,69920,33055,r2ymr:44 r2yrpg:34 r2technical:17 r2ytechrr:10 r2ymlr:6 htk:5 r2samad:4 dog:2 r2wadighost:1 r2yzu:1,35,23000,23,33055,69920,r2ilrifle:15 r2ilat:7 r2merkava:7 r2ilhowitzer:3 dog:1 r2ilshield:1 r2namer:1
sa-hzil.twin-fords.normal.china-hezbollah.r0,twin-fords,normal,0,china,hezbollah,1,2,complete,draw,,tick-cap,60001,40.0,86.8,-879139500,19,6570,6,10150,11360,r2cnrifle:11 r2cnportable:4 r2qilin:3 r2zbd:1,9,3450,7,11860,10650,r2hzat:3 r2hzrifle:3 dog:1 r2hzrail:1 r2hztechnical:1
sa.twin-fords.normal.israel-china.r0,twin-fords,normal,0,israel,china,1,2,complete,win,china,conquest,33751,22.5,50.5,-426714527,20,14560,12,29930,45580,r2ilrifle:8 r2ilat:4 r2merkava:3 dog:1 r2ilfalcon:1 r2ilgunship:1 r2ilhowitzer:1 r2namer:1,92,43470,25,45580,29930,r2cnrifle:46 r2qilin:15 r2cnportable:14 r2lynx:4 r2phl:4 r2cloud:2 r2mantis:2 r2zbd:2 r2crane:1 r2redspear:1 r2skyspear:1
sa-hzil.twin-fords.normal.iran-israel.r0,twin-fords,normal,0,iran,israel,1,2,complete,win,iran,conquest,22570,15.05,35.6,-362388588,95,33440,26,35480,16740,r2basij:51 r2toophan:23 r2karrar:7 r2fajr:4 dog:2 htk:2 r2loiter:2 r2raad:2 r2coast:1 r2toufan:1,14,8930,10,16740,35480,r2ilat:5 r2ilrifle:4 r2merkava:2 dog:1 r2ilhowitzer:1 r2namer:1
sa.harbor-line.normal.yemen-israel.r0,harbor-line,normal,0,yemen,israel,1,2,complete,win,israel,conquest,10055,6.7,20.4,-10683569,2,515,5,3660,14220,r2ymr:1 r2yrpg:1,19,9750,11,14220,3660,r2ilrifle:10 r2ilat:3 r2merkava:2 dog:1 r2ilhowitzer:1 r2ilobserver:1 r2namer:1
sa.harbor-line.normal.china-saudi.r0,harbor-line,normal,0,china,saudi,1,2,complete,win,china,conquest,52579,35.05,73.7,-4392301,109,53580,40,107070,66240,r2cnrifle:49 r2cnportable:21 r2qilin:18 r2zbd:6 r2cloud:3 r2mantis:3 r2phl:3 r2lynx:2 r2redspear:2 r2crane:1 r2skyspear:1,64,35160,32,66240,107070,r2sang:28 r2saat:18 r2m1a2s:11 r2caesar:3 r2bradley:2 dog:1 r2ah64sa:1
sa-hzil.harbor-line.normal.hezbollah-china.r0,harbor-line,normal,0,hezbollah,china,1,2,complete,win,hezbollah,conquest,11249,7.5,21.6,79351769,24,10575,9,20200,4625,r2hzrifle:7 r2hzat:6 r2hzrail:3 r2hzrecoilless:3 r2hztechnical:2 r2hzescort:1 r2hzfpv:1 r2hzrockets:1,8,2500,7,4625,20200,r2cnrifle:5 r2cnportable:2 r2zbd:1
sa.twin-fords.normal.china-saudi.r0,twin-fords,normal,0,china,saudi,1,2,complete,draw,,tick-cap,60001,40.0,82.2,193595559,135,76020,37,87530,82460,r2cnrifle:66 r2qilin:18 r2cnportable:16 r2cloud:10 r2phl:9 r2redspear:6 r2mantis:3 r2zbd:3 r2lynx:2 r2skyspear:2,74,62100,42,80550,85620,r2sang:20 r2saat:18 r2m1a2s:12 r2caesar:5 r2falcon:5 r2f15sa:4 r2ah64sa:3 r2sads:3 dog:2 r2bradley:2
sa-hzil.twin-fords.normal.israel-hezbollah.r0,twin-fords,normal,0,israel,hezbollah,1,2,complete,win,hezbollah,conquest,29530,19.69,44.8,295731485,21,12810,13,28130,45930,r2ilrifle:8 r2ilat:6 r2merkava:3 r2namer:2 dog:1 r2ilhowitzer:1,89,39625,28,45930,29150,r2hzrifle:25 r2hzat:18 r2hztechnical:12 r2hzrail:9 r2hzfpv:8 r2hzrecoilless:7 r2hzrockets:6 r2hzescort:2 htk:1 r2hzdrone:1
sa.harbor-line.normal.hezbollah-china.r0,harbor-line,normal,0,hezbollah,china,1,2,complete,win,china,conquest,39542,26.36,58.3,733148202,26,11125,12,35560,46185,r2hzrifle:8 r2hzat:6 r2hzrail:4 r2hzrecoilless:3 r2hztechnical:3 r2hzfpv:1 r2hzrockets:1,61,33570,25,43975,33560,r2cnrifle:26 r2qilin:10 r2cnportable:9 r2zbd:6 r2mantis:3 r2phl:2 r2redspear:2 r2cloud:1 r2lynx:1 r2skyspear:1
sa.harbor-line.normal.saudi-hezbollah.r0,harbor-line,normal,0,saudi,hezbollah,1,2,complete,win,hezbollah,conquest,52715,35.14,74.5,744551682,55,30420,31,60420,101230,r2sang:26 r2saat:12 r2m1a2s:9 r2caesar:5 dog:1 r2bradley:1 r2sads:1,96,45175,34,101230,62520,r2hzrifle:22 r2hzat:17 r2hztechnical:17 r2hzrecoilless:13 r2hzrail:10 r2hzfpv:9 r2hzrockets:5 r2hzscout:2 htk:1
sa.twin-fords.normal.iran-israel.r0,twin-fords,normal,0,iran,israel,1,2,complete,win,israel,conquest,9586,6.39,19.7,1016649757,5,1170,4,3000,12970,r2basij:3 r2toophan:2,13,6690,8,12970,3000,r2ilrifle:7 r2ilat:2 r2merkava:2 dog:1 r2namer:1
sa-hzil.harbor-line.normal.hezbollah-turkey.r0,harbor-line,normal,0,hezbollah,turkey,1,2,complete,draw,,tick-cap,60001,40.0,83.1,1214473675,99,49850,46,87790,89735,r2hzat:20 r2hzrifle:18 r2hzrecoilless:14 r2hzrail:12 r2hztechnical:11 r2hzfpv:10 r2hzrockets:7 htk:4 r2hzscout:3,94,48690,40,90465,91190,r2trrifle:38 r2bozkir:23 r2trat:20 r2gokkalkan:9 r2yildirim:2 dog:1 r2sahin:1
sa.twin-fords.normal.china-turkey.r0,twin-fords,normal,0,china,turkey,1,2,complete,win,turkey,conquest,24178,16.12,38.1,1316468804,26,11520,12,16580,38770,r2cnrifle:11 r2cnportable:6 r2qilin:5 r2zbd:3 r2mantis:1,71,31540,25,38770,16580,r2trrifle:38 r2trat:12 r2bozkir:11 r2gokkalkan:4 r2yildirim:3 dog:1 r2kuzgun:1 r2sahin:1
sa-hzil.harbor-line.normal.hezbollah-yemen.r0,harbor-line,normal,0,hezbollah,yemen,1,2,complete,win,hezbollah,conquest,10492,6.99,21.1,1490812428,28,11150,13,17475,4600,r2hzrifle:11 r2hzat:4 r2hztechnical:4 r2hzrail:3 r2hzfpv:2 r2hzrecoilless:2 htk:1 r2hzdrone:1,7,1710,5,4600,17475,r2ymr:4 r2yrpg:3
sa-hzil.harbor-line.normal.iran-hezbollah.r0,harbor-line,normal,0,iran,hezbollah,1,2,complete,win,iran,conquest,30215,20.14,46.4,1698291549,107,38150,27,51210,34830,r2basij:60 r2toophan:25 r2karrar:10 r2fajr:5 r2raad:4 htk:1 r2dronecontrol:1 r2toufan:1,34,14450,14,34830,51900,r2hzrifle:10 r2hzat:6 r2hzrail:5 r2hztechnical:5 r2hzrecoilless:4 r2hzfpv:3 r2hzrockets:1
sa-hzil.twin-fords.normal.hezbollah-iran.r0,twin-fords,normal,0,hezbollah,iran,1,2,complete,win,hezbollah,conquest,40152,26.77,58.7,1703548600,114,53400,34,72360,44520,r2hzrifle:26 r2hzat:20 r2hzfpv:13 r2hztechnical:13 r2hzrecoilless:12 r2hzrail:9 r2hzrockets:7 r2hzescort:5 r2hzdrone:4 htk:3 r2hzscout:1 r2hzspotter:1,90,28060,26,40780,71560,r2basij:54 r2toophan:22 r2karrar:7 r2fajr:3 htk:2 r2raad:1 r2toufan:1
sa.harbor-line.normal.iran-turkey.r0,harbor-line,normal,0,iran,turkey,1,2,complete,draw,,tick-cap,60001,40.0,83.6,2046087608,157,49190,48,88125,77690,r2basij:106 r2toophan:24 r2karrar:12 r2coast:5 htk:3 r2azar:2 r2fajr:2 r2loiter:1 r2raad:1 r2toufan:1,84,48815,38,77690,88125,r2trrifle:33 r2bozkir:21 r2trat:16 r2yildirim:5 r2greywolf:3 r2kuzgun:3 dog:1 r2gokkalkan:1 r2sahin:1
sa-hzil.harbor-line.normal.yemen-hezbollah.r0,harbor-line,normal,0,yemen,hezbollah,1,2,complete,win,yemen,conquest,20723,13.82,33.9,-2133264977,43,13670,14,34225,14870,r2ymr:18 r2yrpg:12 r2technical:6 r2ytechrr:4 htk:2 r2ymlr:1,18,7075,9,14870,34225,r2hzrifle:7 r2hzat:6 r2hzrail:2 dog:1 r2hzrecoilless:1 r2hztechnical:1
sa-hzil.harbor-line.normal.iran-israel.r0,harbor-line,normal,0,iran,israel,1,2,complete,win,israel,conquest,11735,7.82,22.2,-2005181342,4,1080,4,4540,12680,r2basij:2 r2toophan:2,23,12920,11,12680,4540,r2ilrifle:11 r2ilat:5 r2merkava:3 dog:1 r2ilhowitzer:1 r2ilshield:1 r2namer:1
sa-hzil.harbor-line.normal.israel-yemen.r0,harbor-line,normal,0,israel,yemen,1,2,complete,win,israel,conquest,11128,7.42,21.6,-1794804626,23,10890,13,14570,4980,r2ilrifle:12 r2ilat:5 dog:2 r2merkava:2 r2ilhowitzer:1 r2namer:1,2,700,5,4980,14570,r2yrpg:2
sa.twin-fords.normal.saudi-china.r0,twin-fords,normal,0,saudi,china,1,2,complete,win,saudi,conquest,14181,9.45,25.6,-1783238306,17,9290,9,15850,3970,r2sang:7 r2saat:4 r2m1a2s:3 dog:1 r2bradley:1 r2caesar:1,4,940,5,3970,15850,r2cnrifle:2 dog:1 r2cnportable:1
sa.harbor-line.normal.israel-iran.r0,harbor-line,normal,0,israel,iran,1,2,complete,win,israel,conquest,23825,15.88,38.0,-1577790149,31,22360,15,35190,14100,r2ilrifle:13 r2ilat:6 r2merkava:4 r2ilhowitzer:2 dog:1 r2ilfalcon:1 r2ilgunship:1 r2ilrecon:1 r2ilshield:1 r2namer:1,30,10380,13,14100,35190,r2basij:17 r2toophan:7 r2karrar:4 r2fajr:1 r2raad:1
sa.twin-fords.normal.yemen-saudi.r0,twin-fords,normal,0,yemen,saudi,1,2,complete,win,yemen,conquest,42132,28.09,61.9,-1526206976,120,48210,33,63000,38165,r2yrpg:37 r2ymr:34 r2ytechrr:17 r2technical:11 htk:7 r2ymlr:7 r2samad:2 r2wadighost:2 r2yzu:2 dog:1,29,22390,18,38165,63000,r2saat:8 r2sang:7 r2m1a2s:6 r2caesar:3 dog:1 r2bradley:1 r2f15sa:1 r2falcon:1 r2sads:1
