file,faction,language,engine,role,intended_text,english_line,asr_transcript,cer,detected_language,whisper_translation,low_confidence_words,literal_meaning,verdict,action,notes,native_speaker
iran-air-action-fa.wav,Iran,fa-IR,moss-fa,generic aircrew,دریافت شد، کنترل.,"Copy, control.",دریافت شد کنترول,0.077,tr:0.62 fa:0.21 ro:0.07,Controlled,,"Received, control.",ok (ASR spelling); accent,native check,"کنترول is a spoken spelling of کنترل. Radio calque of 'Copy, control', usable. Language ID put the clip at tr 0.62, fa 0.21: listen for a foreign accent.",
iran-air-attack-fa.wav,Iran,fa-IR,moss-fa,generic aircrew,هدف در دید است.,Target in sight.,هدف در دیدست,0.091,it:0.19 la:0.08 fa:0.06,The goal is there.,,Target is in sight.,ok (ASR spelling); accent,native check,دیدست is the spoken contraction of دید است. Language ID fa only 0.06: listen for a foreign accent.,
iran-air-move-fa.wav,Iran,fa-IR,moss-fa,generic aircrew,به سمت نقطه مسیر.,Proceeding to waypoint.,به سمت نقطه مسیر,0.000,ar:0.46 tr:0.28 fa:0.06,On the way to Naqt-e Masir,,Toward the route point.,ok; accent,native check,"نقطه مسیر is the usual Persian for 'waypoint'. Language ID ar 0.46, tr 0.28, fa 0.06: listen for a foreign accent.",
iran-air-select-fa.wav,Iran,fa-IR,moss-fa,generic aircrew,پرواز آماده است.,Flight ready.,پرواز آماده است.,0.000,fa:0.92 en:0.02 tr:0.02,The flight is ready.,,The flight is ready.,ok,none,,
iran-drone-action-fa.wav,Iran,fa-IR,moss-fa,generic drone operator,تصویر روشن است.,Picture is clear.,تصویر روشن است,0.000,fa:0.73 ur:0.08 ar:0.05,The image is bright,,The picture is bright / clear.,wording,native check,روشن leans toward 'bright' (Whisper translated it 'The image is bright'). Suggestion for 'Picture is clear': تصویر واضح است.,
iran-drone-attack-fa.wav,Iran,fa-IR,moss-fa,generic drone operator,نشانه‌گذاری کامل شد.,Designation complete.,نشانه گذاری کامل شد.,0.000,fa:0.90 ur:0.03 tr:0.02,The sign was lost.,,Marking is complete.,ok,none,,
iran-drone-move-fa.wav,Iran,fa-IR,moss-fa,generic drone operator,مسیر پرواز به‌روز شد.,Flight path updated.,مسیر پرواز بلوز شد,0.125,fa:0.87 ar:0.03 en:0.02,The flight was canceled.,,The flight path was updated.,listen,native check,This pass heard بلوز for به‌روز; the generation-time pass heard it correctly. Listen to 'be-ruz'.,
iran-drone-select-fa.wav,Iran,fa-IR,moss-fa,generic drone operator,پیوند داده برقرار است.,Data link established.,پیوند داده برقرار است.,0.000,fa:0.98 ar:0.00 ur:0.00,Payone is available,,The data link is established.,fixed,regenerated 2026-10-05; native check,Shipped take was heard as پیاند (the v of peyvand missing) by both passes. Regenerated take (seed 5) is heard as پیوند by both.,
iran-inf-action-fa.wav,Iran,fa-IR,moss-fa,generic infantry,دستور دریافت شد.,Order received.,دستور دریافت شد,0.000,en:0.65 fa:0.09 tr:0.04,Dastur Dari of Truth,,Order received.,ok; accent,native check,"Language ID en 0.65, fa 0.09: listen for an English accent.",
iran-inf-attack-fa.wav,Iran,fa-IR,moss-fa,generic infantry,درگیر می‌شویم.,Engaging.,درگیر می شویم,0.000,fa:0.96 tr:0.01 en:0.01,Let's have a look,,We are engaging.,ok,none,,
iran-inf-move-fa.wav,Iran,fa-IR,moss-fa,generic infantry,در حال حرکت.,Moving now.,در حال حرکت,0.000,fa:0.76 tr:0.09 ar:0.05,"Now, let's move.",,On the move.,ok,none,,
iran-inf-select-fa.wav,Iran,fa-IR,moss-fa,generic infantry,آماده‌ایم.,Section ready.,آماده ایم,0.000,tr:0.18 ar:0.17 fa:0.11,I'm ready,,We are ready.,ok,none,One word; language ID is inconclusive on a clip this short.,
iran-naval-action-fa.wav,Iran,fa-IR,moss-fa,generic naval crew,فرمان دریافت شد.,Command received.,فرمان دریافت شد.,0.000,fa:0.92 ar:0.01 en:0.01,The order has been received.,,Command received.,ok,none,,
iran-naval-attack-fa.wav,Iran,fa-IR,moss-fa,generic naval crew,ردیابی تثبیت شد.,Track is steady.,ردیابی تسکیت شد.,0.154,fa:0.94 tr:0.02 ur:0.02,The radio was stopped.,,Tracking has been stabilized.,fixed; listen; wording,regenerated 2026-10-05; native check,"Shipped take was heard as تسبیح ('rosary') by both passes, the slip the provenance doc noted. Regenerated take (seed 5, best of 21) is heard as تسبیت at generation, which sounds the same as تثبیت (ث and س are both /s/ in Persian), and as تسکیت on the processed file: listen for 'tasbit'. The wording is a calque of 'Track is steady'; ردیابی پایدار است or هدف قفل شد may sound more natural.",
iran-naval-move-fa.wav,Iran,fa-IR,moss-fa,generic naval crew,به سوی مسیر ساحلی.,Taking the coastal route.,به سوی مسیر ساحلی,0.000,fa:0.94 ar:0.01 en:0.01,On the way to the beach,,Toward the coastal route.,ok,none,,
iran-naval-select-fa.wav,Iran,fa-IR,moss-fa,generic naval crew,خدمه دریایی آماده است.,Naval crew ready.,خدمه در یایی آماده است,0.000,ar:0.40 fa:0.20 tr:0.06,Dariyoyi services are ready,,The naval crew is ready.,fixed; accent,regenerated 2026-10-05; native check,"Shipped take was heard as خدم ('servants') by both passes. Regenerated take (seed 12) is heard as خدمه by both. Language ID ar 0.40, fa 0.20: listen for a foreign accent.",
iran-veh-action-fa.wav,Iran,fa-IR,moss-fa,generic vehicle crew,مسیر تأیید شد.,Route confirmed.,مسیر تعیید شد,0.091,fa:0.98 ar:0.00 en:0.00,The journey is over.,,Route confirmed.,ok (ASR spelling),none,تعیید is a misspelling of the same sound (ع and ء are both a glottal stop in Persian).,
iran-veh-attack-fa.wav,Iran,fa-IR,moss-fa,generic vehicle crew,سامانه روی هدف است.,System on target.,سامانه روی هدف است.,0.000,fa:0.86 ar:0.06 tr:0.01,Samaneh is on target.,,The system is on target.,ok,none,سامانه is the standard Persian for a weapon 'system'.,
iran-veh-move-fa.wav,Iran,fa-IR,moss-fa,generic vehicle crew,ستون حرکت می‌کند.,Column moving.,ستون حرکت می کند.,0.000,fa:0.93 ar:0.03 tr:0.01,3. It moves,,The column is moving.,ok,none,,
iran-veh-select-fa.wav,Iran,fa-IR,moss-fa,generic vehicle crew,خدمه آماده است.,Crew standing by.,خدمه آماده است.,0.000,fa:0.88 ar:0.04 en:0.01,Service is ready.,,The crew is ready.,ok,none,,
rcn-air-action-zh.wav,China,zh-CN,chatterbox,generic aircrew,目标已同步，正在接近。,Target synchronized. Approaching.,目标已同步 正在接近,0.000,zh:1.00 en:0.00 ja:0.00,"The goal is the same, it is approaching",,"Target synchronized, approaching.",ok,none,,
rcn-air-select-zh.wav,China,zh-CN,chatterbox,generic aircrew,空中编队等待指令。,Air element awaiting tasking.,空中編隊等待指令,0.250,zh:1.00 en:0.00 ja:0.00,The control team is waiting for orders.,,Air formation awaiting orders.,ok (ASR spelling),none,Whisper wrote traditional 編隊 for 编队; same word and sound.,
rcn-infantry-action-zh.wav,China,zh-CN,chatterbox,generic infantry,收到，协同前进。,Copy. Advancing in coordination.,收到 协同前进,0.000,zh:1.00 en:0.00 ja:0.00,Received. Proceeding together.,,"Received, advancing in coordination.",ok,none,,
rcn-infantry-select-zh.wav,China,zh-CN,chatterbox,generic infantry,步兵小组，通信正常。,"Infantry team, network check complete.",步兵小组 通信正常,0.000,zh:1.00 ja:0.00 en:0.00,Infantry group communication normal,,"Infantry team, communications normal.",ok,none,,
rcn-naval-action-zh.wav,China,zh-CN,chatterbox,generic naval crew,航向确认，舰队前进。,Course confirmed. Fleet underway.,航向确认舰队前进,0.000,zh:1.00 ja:0.00 en:0.00,航向确认舰队前进,,"Heading confirmed, fleet advancing.",ok,none,,
rcn-naval-select-zh.wav,China,zh-CN,chatterbox,generic naval crew,海上编队通信畅通。,"Maritime group, communications clear.",海上编队通信畅通,0.000,zh:1.00 ja:0.00 en:0.00,海上编队通信畅通,,"Maritime formation, communications clear.",ok,none,,
rcn-redspear-action-zh.wav,China,zh-CN,chatterbox,fictional Red Spear operator,精确坐标已接收。,Precision coordinates received.,精确坐标已接收,0.000,zh:0.99 en:0.00 ja:0.00,Accurate coordinates have been received,,Precise coordinates received.,ok,none,,
rcn-redspear-select-zh.wav,China,zh-CN,chatterbox,fictional Red Spear operator,红矛接入指挥网络。,Red Spear linked to the command network.,红毛接入指挥网络,0.125,zh:0.99 ja:0.00 en:0.00,Red hair intercepts the command network,,Red Spear is joining the command network.,ok (ASR spelling),native check,"红毛 is an exact homophone of 红矛 (hóng máo), so this is not a pronunciation slip. Heard without the unit name, hóng máo can suggest 红毛, an old slur for Westerners (Whisper translated it 'Red hair'). A native speaker should confirm the call sign works by ear.",
rcn-vehicle-action-zh.wav,China,zh-CN,chatterbox,generic vehicle crew,路线确认，开始机动。,Route confirmed. Moving now.,路线确认开始机动,0.000,zh:0.99 en:0.00 ja:0.00,The route confirmation started to move.,,"Route confirmed, beginning maneuver.",ok,none,,
rcn-vehicle-select-zh.wav,China,zh-CN,chatterbox,generic vehicle crew,装甲平台在线。,Armored platform online.,装甲平台在线,0.000,zh:0.99 ja:0.00 en:0.00,The armor platform is online,,Armored platform online.,ok,none,,
rsa-air-action-ar.wav,Saudi Arabia,ar-SA,chatterbox,,تم الاستلام، نتجه إلى الهدف.,Copy. Moving to intercept.,تم الاستلام. نتجه إلى الهدف.,0.000,ar:0.97 en:0.01 fr:0.00,"The receipt has been completed, we go to the target",,"Received, we are heading to the target.",ok,none,,
rsa-air-select-ar.wav,Saudi Arabia,ar-SA,chatterbox,,جاهزون للدورية الجوية.,Air patrol standing by.,جاهزون للدورية الجوية,0.000,ar:0.98 en:0.01 ru:0.00,Get ready for the air raid,,Ready for air patrol.,ok,none,,
rsa-falcon-action-ar.wav,Saudi Arabia,ar-SA,chatterbox,Falcon One,الضربة الدقيقة جاهزة.,Precision strike designated.,الضربة الدقيقة جاهزة.,0.000,ar:1.00 ur:0.00 en:0.00,The minute is ready,,The precision strike is ready.,ok,none,,
rsa-falcon-build-ar.wav,Saudi Arabia,ar-SA,chatterbox,Falcon One,فالكون في الميدان.,Falcon is in the field.,فالكون في الميدان,0.000,ar:0.99 he:0.00 it:0.00,The universe is on the field,,Falcon is in the field.,wording,native check,فالكون transliterates the English unit name 'Falcon One'; Whisper read it as ف + الكون ('so the universe'). الصقر is the Arabic word for falcon. A Saudi speaker should choose between the English call sign and الصقر.,
rsa-falcon-move-ar.wav,Saudi Arabia,ar-SA,chatterbox,Falcon One,سأصل بصمت.,Moving quiet.,سأصل بصمت,0.000,ar:0.57 de:0.23 ur:0.12,I will be silent,,I will arrive silently.,ok,none,,
rsa-falcon-select-ar.wav,Saudi Arabia,ar-SA,chatterbox,Falcon One,فالكون واحد جاهز.,"Falcon One, standing by.",فالكون واحد جاهز,0.000,ar:1.00 en:0.00 ur:0.00,The universe is one and ready,,Falcon One ready.,wording,native check,Same call-sign question as rsa-falcon-build; the Arabic alternative would be صقر واحد جاهز.,
rsa-inf-action-ar.wav,Saudi Arabia,ar-SA,chatterbox,Saudi infantry,نتحرك الآن.,Moving to position.,لتحرك الآن.,0.111,ar:1.00 en:0.00 es:0.00,Let's move now,,We are moving now.,listen,native check,This pass heard لتحرك for نتحرك (first letter); the generation-time pass heard it correctly. Low priority.,
rsa-inf-select-ar.wav,Saudi Arabia,ar-SA,chatterbox,Saudi infantry,الحرس جاهز.,Guard unit ready.,الحرس جاهز,0.000,ar:1.00 en:0.00 ur:0.00,The guard is ready,,The Guard is ready.,ok,none,,
rsa-jtac-action-ar.wav,Saudi Arabia,ar-SA,chatterbox,Saudi JTAC,تم تحديد الهدف.,Target marked for guided fire.,تم تحديد الهدف.,0.000,ar:1.00 en:0.00 fr:0.00,The goal has been set,,The target has been designated.,ok,none,,
rsa-jtac-select-ar.wav,Saudi Arabia,ar-SA,chatterbox,Saudi JTAC,المراقب الجوي متصل.,JTAC network online.,المراقب الجوي متصل,0.000,ar:1.00 en:0.00 ur:0.00,The air observer is connected,,The air observer is connected.,ok,none,,
rsa-naval-action-ar.wav,Saudi Arabia,ar-SA,chatterbox,Saudi naval crew,تغيير المسار الآن.,Coming about. Steady.,تغيير المسار الآن,0.000,ar:0.61 sv:0.32 en:0.02,Let's take a look at what happened now,,Changing course now.,ok,none,,
rsa-naval-select-ar.wav,Saudi Arabia,ar-SA,chatterbox,Saudi naval crew,السفينة جاهزة، الحساسات تعمل.,Bridge here. Sensors up.,السفينة جاهزة، الحسسات تعمل,0.042,ar:1.00 en:0.00 ru:0.00,"The ship is ready, the sensors are working",,"The ship is ready, the sensors are working.",ok (ASR spelling),none,الحسسات is a dropped letter in the transcript. الحساسات is common usage; formal MSA would be المستشعرات.,
rsa-veh-action-ar.wav,Saudi Arabia,ar-SA,chatterbox,Saudi vehicle crew,تم الاستلام، نتحرك.,Copy. Moving out.,تم الاستلام، نتحرك,0.000,ar:0.99 en:0.00 ru:0.00,Acquired Let's move,,"Received, we are moving.",ok,none,,
rsa-veh-select-ar.wav,Saudi Arabia,ar-SA,chatterbox,Saudi vehicle crew,طاقم المدرعة جاهز.,Armor crew ready.,طاقة من مدرعة جاهز,0.200,ar:0.99 en:0.01 ru:0.00,"Al-Madra'a restaurant, ready!",,The armoured vehicle's crew is ready.,listen,native check,This pass heard طاقة من مدرعة ('energy from an armoured vehicle'); the generation-time pass heard it correctly. Listen to 'ṭāqim al-mudarraʿa'.,
rye-drone-action-ar.wav,Yemen,ar-YE,chatterbox,,تم تثبيت الهدف.,Target set. Committing.,تم تثبيت الهدف,0.000,ar:0.99 en:0.00 ru:0.00,the target has been fixed,,The target is locked.,ok,none,,
rye-drone-select-ar.wav,Yemen,ar-YE,chatterbox,,الطائرة المسيّرة جاهزة.,Drone link established.,الطائرة المسيرة جاهزة.,0.000,ar:1.00 en:0.00 ru:0.00,The plane is ready,,The drone is ready.,ok,none,,
rye-ghost-action-ar.wav,Yemen,ar-YE,chatterbox,Wadi Ghost,الشحنة مزروعة.,Remote charge planted.,الشحنة المزروعة,0.167,ar:0.98 en:0.01 ru:0.00,Shipping has been planted,,The charge is planted.,listen,native check,"This pass heard الشحنة المزروعة ('the planted charge', a noun phrase); the generation-time pass heard the sentence. الشحنة can also mean 'shipment'; العبوة مزروعة is the more common phrasing for a planted explosive.",
rye-ghost-build-ar.wav,Yemen,ar-YE,chatterbox,Wadi Ghost,الشبح بينكم.,The Ghost walks among you.,الشابح بينكم,0.100,ar:0.99 en:0.00 ru:0.00,What's the difference between you?,,The ghost is among you.,listen,native check,This pass heard الشابح; the generation-time pass heard الشبح. Listen to the vowel and the ḥ of 'ash-shabaḥ'.,
rye-ghost-move-ar.wav,Yemen,ar-YE,chatterbox,Wadi Ghost,لن يروني.,They will not see me.,لن يروني,0.000,ar:0.94 ur:0.02 en:0.02,They won't see me,,They will not see me.,ok,none,,
rye-ghost-select-ar.wav,Yemen,ar-YE,chatterbox,Wadi Ghost,الشبح يستمع.,The Ghost is listening.,الشبه يستمع,0.100,ar:0.97 fr:0.01 en:0.00,The guy is listening.,,The ghost is listening.,listen,native check,This pass heard الشبه ('the resemblance'); the generation-time pass heard الشبح. Check that the ḥ is audible.,
rye-inf-action-ar.wav,Yemen,ar-YE,chatterbox,Yemeni infantry,نعرف هذا الطريق.,We know this ground.,نعرف هذا الطريق,0.000,ar:0.98 en:0.01 fr:0.00,We know this way,,We know this road.,ok,none,,
rye-inf-select-ar.wav,Yemen,ar-YE,chatterbox,Yemeni infantry,رجال الجبل جاهزون.,Mountain unit ready.,رجال الجبل جاهزون,0.000,ar:0.91 en:0.03 ur:0.02,The men of the mountain are ready,,The men of the mountain are ready.,ok,none,,
rye-naval-action-ar.wav,Yemen,ar-YE,chatterbox,Yemeni coastal crew,نقترب من الساحل.,Closing on the coast.,نقترب من الساحل,0.000,ar:1.00 en:0.00 ru:0.00,we get close to the coast,,We are approaching the coast.,ok,none,,
rye-naval-select-ar.wav,Yemen,ar-YE,chatterbox,Yemeni coastal crew,الزورق جاهز، الرابط متصل.,Boat ready. Link is up.,الزورق جاهز الرابط متصل,0.000,ar:0.99 en:0.01 ru:0.00,"The round is ready, the link is connected",,"The boat is ready, the link is connected.",wording,native check,الرابط متصل is a literal 'link is up'; الاتصال قائم may sound more natural. Minor.,
rye-spot-action-ar.wav,Yemen,ar-YE,chatterbox,Yemeni drone spotter,بيانات الإطلاق جاهزة.,Launcher guidance updated.,بيانات الإطلاق جاهزة.,0.000,ar:1.00 en:0.00 fr:0.00,The release data is ready,,The launch data is ready.,ok,none,,
rye-spot-select-ar.wav,Yemen,ar-YE,chatterbox,Yemeni drone spotter,الطائرة المسيرة في الجو.,Drone feed is live.,الطائرة المسيرة في الجو,0.000,ar:0.99 en:0.00 ru:0.00,A flying plane in the air,,The drone is in the air.,ok,none,,
rye-veh-action-ar.wav,Yemen,ar-YE,chatterbox,Yemeni vehicle crew,نتحرك بسرعة.,Moving fast. Stay low.,نتحرك بسرعة.,0.000,ar:0.93 en:0.02 ms:0.01,We move fast.,,We are moving fast.,ok,none,,
rye-veh-select-ar.wav,Yemen,ar-YE,chatterbox,Yemeni vehicle crew,الطاقم جاهز على الطريق.,Crew ready. Engine running.,الطاقم جاهز على الطريق.,0.000,ar:1.00 en:0.00 ur:0.00,The staff is ready to go.,,The crew is ready on the road.,ok,none,,
shadow-action-fa.wav,Iran,fa-IR,moss-fa,fictional Shadow One performer,نقطه ورود مشخص شد.,Entry point marked.,نقطه ورود مشخص شد.,0.000,fa:0.94 ar:0.04 ur:0.01,The entry point has been clarified.,,Entry point identified.,fixed,regenerated 2026-10-05; native check,Shipped take was heard as برود ('should go') for ورود by both passes. Regenerated take (seed 1) is heard as ورود by both.,
shadow-attack-fa.wav,Iran,fa-IR,moss-fa,fictional Shadow One performer,هدف جدا شد.,Target isolated.,هدف جدا شد,0.000,fa:0.34 ar:0.18 tr:0.16,A new goal has been achieved.,,The target got separated.,wording; accent,native check,"جدا شد reads as 'separated, detached' (Whisper translated the clip as an unrelated sentence). For 'Target isolated' a native may prefer other wording, for example هدف ایزوله شد. Language ID fa 0.34.",
shadow-move-fa.wav,Iran,fa-IR,moss-fa,fictional Shadow One performer,بی‌صدا حرکت می‌کنم.,Moving quietly.,بی صدا حرکت می کنم,0.000,fa:0.86 tr:0.08 en:0.01,I move silently,,I am moving silently.,ok,none,,
shadow-select-fa.wav,Iran,fa-IR,moss-fa,fictional Shadow One performer,سایه در شبکه است.,Shadow is on the net.,سایه در شبکه است,0.000,fa:0.94 tr:0.03 en:0.01,There is a shadow in the network,,Shadow is on the network.,ok,none,"Calque of 'on the net', understandable.",
tr-air-action-tr.wav,Türkiye,tr-TR,chatterbox,air crew,Rota onaylandı.,Course confirmed.,Rota onaylandı.,0.000,tr:0.99 en:0.00 ru:0.00,Route confirmed.,,Route confirmed.,ok,none,,
tr-air-select-tr.wav,Türkiye,tr-TR,chatterbox,air crew,Hava unsuru hazır.,Air element ready.,Hava unsuru hazır.,0.000,tr:1.00 az:0.00 ar:0.00,Air element is ready.,,Air element ready.,ok,none,,
tr-greywolf-attack-tr.wav,Türkiye,tr-TR,chatterbox,fictional commando,"Takım, işaretime göre.","Team, on my mark.",Takım işaretime göre.,0.000,tr:0.97 en:0.01 nn:0.00,According to the team sign,,"Team, according to my signal.",wording,native check,'İşaretimle' is the usual 'on my mark'; 'işaretime göre' is understandable but stiffer. Minor.,
tr-greywolf-move-tr.wav,Türkiye,tr-TR,chatterbox,fictional commando,Sessizce ilerliyorum.,Moving under cover.,Sessizce ilerliyorum.,0.000,tr:1.00 en:0.00 ko:0.00,I'm moving silently.,,I am advancing quietly.,ok,none,,
tr-greywolf-select-tr.wav,Türkiye,tr-TR,chatterbox,fictional commando,Görev net.,Mission is clear.,Görev net.,0.000,tr:0.95 fr:0.02 ru:0.01,Task clear.,,The mission is clear.,ok,none,,
tr-infantry-attack-tr.wav,Türkiye,tr-TR,chatterbox,infantry,Hedef belirlendi.,Target marked.,Hedef belirlendi.,0.000,tr:0.99 az:0.00 en:0.00,The target has been determined.,,Target identified.,ok,none,,
tr-infantry-move-tr.wav,Türkiye,tr-TR,chatterbox,infantry,İlerliyoruz.,Moving out.,İlerliyoruz.,0.000,tr:1.00 en:0.00 pt:0.00,We are moving forward.,,We are advancing.,ok,none,,
tr-infantry-select-tr.wav,Türkiye,tr-TR,chatterbox,infantry,Hazırız.,Squad ready.,Hazırız.,0.000,ja:0.62 tr:0.26 ko:0.02,Here we go.,,We are ready.,ok,none,One word; language ID is inconclusive on a clip this short.,
tr-naval-action-tr.wav,Türkiye,tr-TR,chatterbox,naval crew,Seyir düzenine geçiyoruz.,Taking sea-control station.,Seyir düzenine geçiyoruz.,0.000,tr:1.00 en:0.00 ru:0.00,We move on to the watching order.,,Switching to cruising formation.,ok,none,,
tr-naval-select-tr.wav,Türkiye,tr-TR,chatterbox,naval crew,Deniz unsuru hazır.,Surface group ready.,Deniz unsuru hazır.,0.000,tr:1.00 en:0.00 ar:0.00,Sea element is ready,,Naval element ready.,ok,none,,
tr-vehicle-action-tr.wav,Türkiye,tr-TR,chatterbox,vehicle crew,Harekete geçiyoruz.,Formation moving.,Harekete geçiyoruz.,0.000,tr:1.00 en:0.00 pt:0.00,Let's move on.,,We are moving into action.,ok,none,,
tr-vehicle-select-tr.wav,Türkiye,tr-TR,chatterbox,vehicle crew,Mürettebat hazır.,Crew standing by.,Mürettebat hazır.,0.000,tr:1.00 en:0.00 ru:0.00,Preparation is ready.,,Crew ready.,ok,none,,
